date_GMT,home_team,away_team,home_goals,away_goals,actual,pred_label,prob_H,prob_D,prob_A
2023-12-06 19:30:00,Sheffield United,Liverpool,0,2,A,A,0.0020837612,0.022269808,0.97564644
2023-12-06 19:30:00,Crystal Palace,AFC Bournemouth,0,2,A,A,0.004876637,0.060532242,0.9345912
2023-12-06 20:15:00,Aston Villa,Manchester City,1,0,H,H,0.9358846,0.060356885,0.0037584894
2023-12-06 20:15:00,Manchester United,Chelsea,2,1,H,D,0.4688257,0.4941989,0.036975443
2023-12-07 19:30:00,Everton,Newcastle United,3,0,H,H,0.9665781,0.03258959,0.00083229097
2023-12-07 20:15:00,Tottenham Hotspur,West Ham United,1,2,A,A,0.03554927,0.17347862,0.7909721
2023-12-09 12:30:00,Crystal Palace,Liverpool,1,2,A,D,0.1069092,0.5672165,0.32587427
2023-12-09 15:00:00,Brighton & Hove Albion,Burnley,1,1,D,D,0.47774333,0.4880755,0.034181155
2023-12-09 15:00:00,Manchester United,AFC Bournemouth,0,3,A,A,0.00043206746,0.006265088,0.9933028
2023-12-09 15:00:00,Sheffield United,Brentford,1,0,H,H,0.7928884,0.2000465,0.0070651206
2023-12-09 15:00:00,Wolverhampton Wanderers,Nottingham Forest,1,1,D,D,0.18846524,0.75039274,0.061142057
2023-12-09 17:30:00,Aston Villa,Arsenal,1,0,H,H,0.9058449,0.0893508,0.004804297
2023-12-10 14:00:00,Everton,Chelsea,2,0,H,H,0.9536559,0.043357644,0.002986424
2023-12-10 14:00:00,Fulham,West Ham United,5,0,H,H,0.9927959,0.00645979,0.00074437325
2023-12-10 14:00:00,Luton Town,Manchester City,1,2,A,A,0.0108883465,0.14239344,0.84671825
2023-12-10 16:30:00,Tottenham Hotspur,Newcastle United,4,1,H,H,0.9783683,0.01937898,0.002252759
2023-12-15 20:00:00,Nottingham Forest,Tottenham Hotspur,0,2,A,A,0.0025382591,0.08422029,0.9132415
2023-12-16 15:00:00,Chelsea,Sheffield United,2,0,H,H,0.98716646,0.012307965,0.00052561855
2023-12-16 15:00:00,Manchester City,Crystal Palace,2,2,D,D,0.24083243,0.41778508,0.34138253
2023-12-16 15:00:00,Newcastle United,Fulham,3,0,H,H,0.9900394,0.0095916875,0.00036890694
2023-12-16 17:30:00,Burnley,Everton,0,2,A,A,0.0006990373,0.013058765,0.9862422
2023-12-17 14:00:00,Arsenal,Brighton & Hove Albion,2,0,H,H,0.9850772,0.014504366,0.00041846235
2023-12-17 14:00:00,Brentford,Aston Villa,1,2,A,A,0.04505941,0.25683627,0.6981043
2023-12-17 14:00:00,West Ham United,Wolverhampton Wanderers,3,0,H,H,0.9894069,0.010131071,0.00046208117
2023-12-17 16:30:00,Liverpool,Manchester United,0,0,D,D,0.12065059,0.79405445,0.08529494
2023-12-21 20:00:00,Crystal Palace,Brighton & Hove Albion,1,1,D,D,0.17099725,0.7439749,0.085027866
2023-12-22 20:00:00,Aston Villa,Sheffield United,1,1,D,D,0.10185621,0.7092252,0.18891862
2023-12-23 12:30:00,West Ham United,Manchester United,2,0,H,H,0.9600235,0.03809105,0.0018853571
2023-12-23 15:00:00,Fulham,Burnley,0,2,A,A,0.002805018,0.10169033,0.8955046
2023-12-23 15:00:00,Luton Town,Newcastle United,1,0,H,H,0.9425933,0.055733223,0.0016735101
2023-12-23 15:00:00,Nottingham Forest,AFC Bournemouth,2,3,A,A,0.22132358,0.29592213,0.48275435
2023-12-23 15:00:00,Tottenham Hotspur,Everton,2,1,H,H,0.6849353,0.25556973,0.059494987
2023-12-23 17:30:00,Liverpool,Arsenal,1,1,D,H,0.47763762,0.24428718,0.27807525
2023-12-24 13:00:00,Wolverhampton Wanderers,Chelsea,2,1,H,H,0.7085281,0.16991574,0.12155613
2023-12-26 12:30:00,Newcastle United,Nottingham Forest,1,3,A,A,0.021181379,0.26162833,0.71719027
2023-12-26 15:00:00,AFC Bournemouth,Fulham,3,0,H,H,0.9816896,0.017962346,0.00034806936
2023-12-26 15:00:00,Sheffield United,Luton Town,2,3,A,H,0.4915181,0.44755843,0.060923483
2023-12-26 17:30:00,Burnley,Liverpool,0,2,A,A,0.0008953011,0.011347599,0.9877571
2023-12-26 20:00:00,Manchester United,Aston Villa,3,2,H,H,0.72516954,0.09303447,0.18179601
2023-12-27 19:30:00,Brentford,Wolverhampton Wanderers,1,4,A,A,0.005493356,0.112187244,0.88231945
2023-12-27 19:30:00,Chelsea,Crystal Palace,2,1,H,H,0.7105854,0.256827,0.032587558
2023-12-27 20:15:00,Everton,Manchester City,1,3,A,A,0.009509811,0.046374936,0.9441152
2023-12-28 19:30:00,Brighton & Hove Albion,Tottenham Hotspur,4,2,H,H,0.9023977,0.07297934,0.024622982
2023-12-28 20:15:00,Arsenal,West Ham United,0,2,A,A,0.003097377,0.05604331,0.9408594
2023-12-30 12:30:00,Luton Town,Chelsea,2,3,A,A,0.08495685,0.20613751,0.70890564
2023-12-30 15:00:00,Aston Villa,Burnley,3,2,H,H,0.91543293,0.072359644,0.012207435
2023-12-30 15:00:00,Crystal Palace,Brentford,3,1,H,H,0.85555875,0.1377678,0.00667347
2023-12-30 15:00:00,Manchester City,Sheffield United,2,0,H,H,0.9906895,0.009103927,0.0002065416
2023-12-30 15:00:00,Wolverhampton Wanderers,Everton,3,0,H,H,0.99253935,0.007151218,0.0003094206
2023-12-30 17:30:00,Nottingham Forest,Manchester United,2,1,H,H,0.64500666,0.32287145,0.03212183
2023-12-31 14:00:00,Fulham,Arsenal,2,1,H,D,0.4103624,0.546368,0.0432696
2023-12-31 14:00:00,Tottenham Hotspur,AFC Bournemouth,3,1,H,H,0.92706615,0.066960245,0.005973613
2024-01-01 20:00:00,Liverpool,Newcastle United,4,2,H,H,0.8655586,0.06537706,0.06906434
2024-01-02 19:30:00,West Ham United,Brighton & Hove Albion,0,0,D,D,0.04719917,0.7576921,0.19510874
2024-01-12 19:45:00,Burnley,Luton Town,1,1,D,H,0.58280313,0.37966433,0.037532575
2024-01-13 12:30:00,Chelsea,Fulham,1,0,H,D,0.41762903,0.57465357,0.0077174217
2024-01-13 17:30:00,Newcastle United,Manchester City,2,3,A,A,0.095380135,0.051105514,0.8535144
2024-01-14 14:00:00,Everton,Aston Villa,0,0,D,D,0.051595565,0.9007899,0.047614485
2024-01-14 16:30:00,Manchester United,Tottenham Hotspur,2,2,D,H,0.38847667,0.29351035,0.31801304
2024-01-20 12:30:00,Arsenal,Crystal Palace,5,0,H,H,0.9971752,0.002622314,0.00020244849
2024-01-20 17:30:00,Brentford,Nottingham Forest,3,2,H,H,0.8183931,0.14430906,0.037297852
2024-01-21 14:00:00,Sheffield United,West Ham United,2,2,D,A,0.33580092,0.29125032,0.3729488
2024-01-21 16:30:00,AFC Bournemouth,Liverpool,0,4,A,A,0.00031075894,0.0067791636,0.9929101
2024-01-22 19:45:00,Brighton & Hove Albion,Wolverhampton Wanderers,0,0,D,D,0.075804204,0.85350484,0.07069095
2024-01-30 19:30:00,Nottingham Forest,Arsenal,1,2,A,A,0.053033832,0.3623388,0.5846274
2024-01-30 19:45:00,Fulham,Everton,0,0,D,D,0.060294993,0.8996478,0.04005728
2024-01-30 19:45:00,Luton Town,Brighton & Hove Albion,4,0,H,H,0.9916003,0.008095173,0.00030457598
2024-01-30 20:00:00,Crystal Palace,Sheffield United,3,2,H,H,0.6052441,0.24004304,0.15471286
2024-01-30 20:15:00,Aston Villa,Newcastle United,1,3,A,A,0.14873734,0.103991374,0.7472713
2024-01-31 19:30:00,Tottenham Hotspur,Brentford,3,2,H,H,0.80668783,0.12638316,0.06692902
2024-01-31 19:30:00,Manchester City,Burnley,3,1,H,H,0.9412989,0.043387067,0.015314062
2024-01-31 20:15:00,Liverpool,Chelsea,4,1,H,H,0.9850241,0.014048524,0.0009274033
2024-02-01 19:30:00,West Ham United,AFC Bournemouth,1,1,D,H,0.5737326,0.4080889,0.018178489
2024-02-01 20:15:00,Wolverhampton Wanderers,Manchester United,3,4,A,A,0.193445,0.10099717,0.7055578
2024-02-03 12:30:00,Everton,Tottenham Hotspur,2,2,D,A,0.069586016,0.2380955,0.6923185
2024-02-03 15:00:00,Newcastle United,Luton Town,4,4,D,A,0.29096973,0.28792804,0.42110226
2024-02-03 15:00:00,Brighton & Hove Albion,Crystal Palace,4,1,H,H,0.95479983,0.040900785,0.0042993086
2024-02-03 15:00:00,Burnley,Fulham,2,2,D,H,0.4319447,0.16802874,0.40002656
2024-02-03 17:30:00,Sheffield United,Aston Villa,0,5,A,A,0.0004645798,0.004451614,0.99508375
2024-02-04 14:00:00,AFC Bournemouth,Nottingham Forest,1,1,D,D,0.120784715,0.76906085,0.11015448
2024-02-04 14:00:00,Chelsea,Wolverhampton Wanderers,2,4,A,A,0.1563924,0.2622018,0.5814058
2024-02-04 14:00:00,Manchester United,West Ham United,3,0,H,H,0.9878743,0.011533565,0.00059208047
2024-02-04 16:30:00,Arsenal,Liverpool,3,1,H,H,0.9885621,0.010604853,0.0008330721
2024-02-05 20:00:00,Brentford,Manchester City,1,3,A,A,0.0129690515,0.03625546,0.95077544
2024-02-10 12:30:00,Manchester City,Everton,2,0,H,H,0.97904986,0.020064276,0.00088584673
2024-02-10 15:00:00,Wolverhampton Wanderers,Brentford,0,2,A,A,0.0019906133,0.060666982,0.9373424
2024-02-10 15:00:00,Luton Town,Sheffield United,1,3,A,A,0.012852614,0.12897916,0.8581682
2024-02-10 15:00:00,Tottenham Hotspur,Brighton & Hove Albion,2,1,H,H,0.7284346,0.22340082,0.04816459
2024-02-10 15:00:00,Liverpool,Burnley,3,1,H,H,0.8687533,0.11950762,0.01173908
2024-02-10 15:00:00,Fulham,AFC Bournemouth,3,1,H,H,0.9368693,0.057222076,0.005908569
2024-02-10 17:30:00,Nottingham Forest,Newcastle United,2,3,A,D,0.35397506,0.45583335,0.19019158
2024-02-11 14:00:00,West Ham United,Arsenal,0,6,A,A,0.0004502853,0.0042144945,0.9953353
2024-02-11 16:30:00,Aston Villa,Manchester United,1,2,A,A,0.077008255,0.41357842,0.5094133
2024-02-12 20:00:00,Crystal Palace,Chelsea,1,3,A,A,0.0045840237,0.02639076,0.9690252
2024-02-17 12:30:00,Brentford,Liverpool,1,4,A,A,0.0025905576,0.009900305,0.9875092
2024-02-17 15:00:00,Nottingham Forest,West Ham United,2,0,H,H,0.97385967,0.02534676,0.0007935708
2024-02-17 15:00:00,Newcastle United,AFC Bournemouth,2,2,D,H,0.4893581,0.35237992,0.15826201
2024-02-17 15:00:00,Tottenham Hotspur,Wolverhampton Wanderers,1,2,A,A,0.030430594,0.17998569,0.7895837
2024-02-17 15:00:00,Burnley,Arsenal,0,5,A,A,0.0003194883,0.0041896338,0.99549085
2024-02-17 15:00:00,Fulham,Aston Villa,1,2,A,A,0.034824282,0.12234005,0.8428357
2024-02-17 17:30:00,Manchester City,Chelsea,1,1,D,A,0.037022356,0.095273115,0.8677045
2024-02-18 14:00:00,Sheffield United,Brighton & Hove Albion,0,5,A,A,0.0011170941,0.008371278,0.9905116
2024-02-18 16:30:00,Luton Town,Manchester United,1,2,A,A,0.0056678597,0.08399336,0.91033876
2024-02-19 20:00:00,Everton,Crystal Palace,1,1,D,D,0.07495556,0.5082712,0.41677326
2024-02-20 19:30:00,Manchester City,Brentford,1,0,H,H,0.96055746,0.0382129,0.001229616
2024-02-21 19:30:00,Liverpool,Luton Town,4,1,H,H,0.98448133,0.01433065,0.0011879624
2024-02-24 15:00:00,Manchester United,Fulham,1,2,A,A,0.07504564,0.2794802,0.6454742
2024-02-24 15:00:00,Aston Villa,Nottingham Forest,4,2,H,H,0.84896415,0.10713138,0.04390449
2024-02-24 15:00:00,Brighton & Hove Albion,Everton,1,1,D,D,0.26904276,0.40818712,0.32277012
2024-02-24 15:00:00,Crystal Palace,Burnley,3,0,H,H,0.982262,0.017261658,0.00047633378
2024-02-24 17:30:00,AFC Bournemouth,Manchester City,0,1,A,A,0.00392997,0.042633742,0.9534363
2024-02-24 20:00:00,Arsenal,Newcastle United,4,1,H,H,0.94487417,0.051513087,0.0036127632
2024-02-25 13:30:00,Wolverhampton Wanderers,Sheffield United,1,0,H,H,0.93876815,0.05918865,0.0020431818
2024-02-26 20:00:00,West Ham United,Brentford,4,2,H,H,0.9033948,0.08321843,0.0133867655
2024-03-02 15:00:00,Brentford,Chelsea,2,2,D,A,0.16095534,0.2743538,0.5646908
2024-03-02 15:00:00,Everton,West Ham United,1,3,A,A,0.07216863,0.16340661,0.7644248
2024-03-02 15:00:00,Fulham,Brighton & Hove Albion,3,0,H,H,0.9604915,0.038620554,0.0008879083
2024-03-02 15:00:00,Newcastle United,Wolverhampton Wanderers,3,0,H,H,0.987381,0.012266856,0.00035215938
2024-03-02 15:00:00,Nottingham Forest,Liverpool,0,1,A,A,0.029700208,0.30270913,0.6675907
2024-03-02 15:00:00,Tottenham Hotspur,Crystal Palace,3,1,H,H,0.92069805,0.07380577,0.005496153
2024-03-02 17:30:00,Luton Town,Aston Villa,2,3,A,A,0.028537488,0.03928187,0.93218064
2024-03-03 13:00:00,Burnley,AFC Bournemouth,0,2,A,A,0.00053482485,0.019028557,0.9804366
2024-03-03 15:30:00,Manchester City,Manchester United,3,1,H,H,0.9743997,0.02275373,0.002846619
2024-03-04 20:00:00,Sheffield United,Arsenal,0,6,A,A,0.0003782779,0.002834729,0.99678695
2024-03-09 12:30:00,Manchester United,Everton,2,0,H,H,0.9850462,0.014162098,0.00079175027
2024-03-09 15:00:00,AFC Bournemouth,Sheffield United,2,2,D,D,0.23791368,0.5394106,0.2226757
2024-03-09 15:00:00,Crystal Palace,Luton Town,1,1,D,H,0.79935133,0.18858625,0.012062393
2024-03-09 15:00:00,Wolverhampton Wanderers,Fulham,2,1,H,A,0.3109791,0.20127478,0.48774612
2024-03-09 17:30:00,Arsenal,Brentford,2,1,H,H,0.62969446,0.35315305,0.01715247
2024-03-10 13:00:00,Aston Villa,Tottenham Hotspur,0,4,A,A,0.0006701682,0.0063199266,0.9930099
2024-03-10 14:00:00,Brighton & Hove Albion,Nottingham Forest,1,0,H,D,0.20936751,0.64639604,0.14423645
2024-03-10 14:00:00,West Ham United,Burnley,2,2,D,D,0.12988181,0.4991545,0.37096363
2024-03-10 15:45:00,Liverpool,Manchester City,1,1,D,A,0.2376032,0.33238795,0.4300088
2024-03-11 20:00:00,Chelsea,Newcastle United,3,2,H,H,0.9330135,0.060576938,0.006409561
2024-03-13 19:30:00,AFC Bournemouth,Luton Town,4,3,H,H,0.6075577,0.09699598,0.29544634
2024-03-16 15:00:00,Luton Town,Nottingham Forest,1,1,D,D,0.13027744,0.6016324,0.26809016
2024-03-16 15:00:00,Burnley,Brentford,2,1,H,H,0.8061979,0.18275656,0.011045579
2024-03-16 17:30:00,Fulham,Tottenham Hotspur,3,0,H,H,0.99030787,0.009225527,0.00046659444
2024-03-17 14:00:00,West Ham United,Aston Villa,1,1,D,D,0.23319739,0.5952743,0.17152826
2024-03-30 12:30:00,Newcastle United,West Ham United,4,3,H,H,0.6052194,0.078916915,0.31586364
2024-03-30 15:00:00,AFC Bournemouth,Everton,2,1,H,D,0.24558079,0.6460929,0.108326316
2024-03-30 15:00:00,Chelsea,Burnley,2,2,D,H,0.5532435,0.22878717,0.21796927
2024-03-30 15:00:00,Nottingham Forest,Crystal Palace,1,1,D,D,0.13333714,0.7441356,0.122527204
2024-03-30 15:00:00,Sheffield United,Fulham,3,3,D,H,0.5454156,0.12524323,0.32934123
2024-03-30 15:00:00,Tottenham Hotspur,Luton Town,2,1,H,A,0.15553816,0.35268295,0.49177888
2024-03-30 17:30:00,Aston Villa,Wolverhampton Wanderers,2,0,H,H,0.95751405,0.040641587,0.001844445
2024-03-30 20:00:00,Brentford,Manchester United,1,1,D,A,0.058991153,0.21143593,0.72957295
2024-03-31 13:00:00,Liverpool,Brighton & Hove Albion,2,1,H,H,0.95268905,0.045628082,0.0016828714
2024-03-31 15:30:00,Manchester City,Arsenal,0,0,D,D,0.14145817,0.74495226,0.11358952
2024-04-02 18:30:00,Nottingham Forest,Fulham,3,1,H,H,0.90070075,0.09339852,0.005900724
2024-04-02 18:30:00,Newcastle United,Everton,1,1,D,D,0.2770592,0.69460297,0.028337829
2024-04-02 18:45:00,AFC Bournemouth,Crystal Palace,1,0,H,H,0.87942904,0.11726531,0.0033056457
2024-04-02 18:45:00,Burnley,Wolverhampton Wanderers,1,1,D,A,0.25342825,0.3562337,0.39033812
2024-04-02 19:15:00,West Ham United,Tottenham Hotspur,1,1,D,D,0.26486942,0.619068,0.116062574
2024-04-03 18:30:00,Arsenal,Luton Town,2,0,H,H,0.9784424,0.02070875,0.0008489378
2024-04-03 18:30:00,Brentford,Brighton & Hove Albion,0,0,D,D,0.06019042,0.9062846,0.033525016
2024-04-03 19:15:00,Manchester City,Aston Villa,4,1,H,H,0.9857926,0.012003097,0.002204319
2024-04-04 18:30:00,Liverpool,Sheffield United,3,1,H,H,0.9755751,0.023736821,0.00068812945
2024-04-04 19:15:00,Chelsea,Manchester United,4,3,H,H,0.7767987,0.09360873,0.1295926
2024-04-06 11:30:00,Crystal Palace,Manchester City,2,4,A,A,0.015743224,0.046896577,0.9373602
2024-04-06 14:00:00,Aston Villa,Brentford,3,3,D,H,0.52315843,0.27849427,0.19834732
2024-04-06 14:00:00,Everton,Burnley,1,0,H,H,0.80039525,0.19571982,0.0038849178
2024-04-06 14:00:00,Fulham,Newcastle United,0,1,A,A,0.008644805,0.3995772,0.591778
2024-04-06 14:00:00,Luton Town,AFC Bournemouth,2,1,H,H,0.56748646,0.40028927,0.03222429
2024-04-06 14:00:00,Wolverhampton Wanderers,West Ham United,1,2,A,A,0.092902474,0.33774623,0.5693513
2024-04-06 16:30:00,Brighton & Hove Albion,Arsenal,0,3,A,A,0.0005012935,0.008004944,0.9914937
2024-04-07 14:30:00,Manchester United,Liverpool,2,2,D,A,0.09306184,0.23631045,0.6706277
2024-04-07 16:30:00,Sheffield United,Chelsea,2,2,D,H,0.6291351,0.2747765,0.09608847
2024-04-07 17:00:00,Tottenham Hotspur,Nottingham Forest,3,1,H,H,0.7800693,0.18785644,0.032074213
2024-04-13 11:30:00,Newcastle United,Tottenham Hotspur,4,0,H,H,0.9903341,0.009066361,0.0005995745
2024-04-13 14:00:00,Nottingham Forest,Wolverhampton Wanderers,2,2,D,D,0.24158183,0.6953463,0.063071914
2024-04-13 14:00:00,Manchester City,Luton Town,5,1,H,H,0.97219545,0.023854207,0.003950273
2024-04-13 14:00:00,Burnley,Brighton & Hove Albion,1,1,D,H,0.54379404,0.34159958,0.114606425
2024-04-13 14:00:00,Brentford,Sheffield United,2,0,H,H,0.9061002,0.0908926,0.0030071803
2024-04-13 16:30:00,AFC Bournemouth,Manchester United,2,2,D,A,0.12891978,0.26789138,0.6031889
2024-04-14 13:00:00,Liverpool,Crystal Palace,0,1,A,A,0.004015206,0.13871117,0.8572736
2024-04-14 13:00:00,West Ham United,Fulham,0,2,A,A,0.0017132461,0.033513922,0.9647728
2024-04-14 15:30:00,Arsenal,Aston Villa,0,2,A,A,0.007191545,0.07079406,0.9220144
2024-04-15 19:00:00,Chelsea,Everton,6,0,H,H,0.99647623,0.0033642298,0.00015954043
2024-04-20 14:00:00,Luton Town,Brentford,1,5,A,A,0.003218494,0.057939205,0.93884236
2024-04-20 14:00:00,Sheffield United,Burnley,1,4,A,A,0.012042723,0.11561777,0.87233955
2024-04-20 18:30:00,Wolverhampton Wanderers,Arsenal,0,2,A,A,0.0006146321,0.013204781,0.9861806
2024-04-21 12:30:00,Everton,Nottingham Forest,2,0,H,H,0.9627932,0.035720013,0.0014867961
2024-04-21 14:00:00,Crystal Palace,West Ham United,5,2,H,H,0.9660746,0.027580215,0.00634524
2024-04-21 14:00:00,Aston Villa,AFC Bournemouth,3,1,H,H,0.9646296,0.03186622,0.0035041543
2024-04-21 15:30:00,Fulham,Liverpool,1,3,A,A,0.026390549,0.15100677,0.8226027
2024-04-23 19:00:00,Arsenal,Chelsea,5,0,H,H,0.9969183,0.0028980132,0.00018362082
2024-04-24 18:45:00,Wolverhampton Wanderers,AFC Bournemouth,0,1,A,A,0.011742079,0.406824,0.58143395
2024-04-24 19:00:00,Crystal Palace,Newcastle United,2,0,H,H,0.981057,0.01833551,0.0006075496
2024-04-24 19:00:00,Everton,Liverpool,2,0,H,H,0.9223501,0.073928334,0.0037216197
2024-04-24 19:00:00,Manchester United,Sheffield United,4,2,H,H,0.88669366,0.092106745,0.021199567
2024-04-25 19:00:00,Brighton & Hove Albion,Manchester City,0,4,A,A,0.00060501636,0.0063937823,0.9930012
2024-04-27 11:30:00,West Ham United,Liverpool,2,2,D,H,0.82736456,0.14418134,0.028454114
2024-04-27 14:00:00,Wolverhampton Wanderers,Luton Town,2,1,H,H,0.6745353,0.31280497,0.0126597965
2024-04-27 14:00:00,Newcastle United,Sheffield United,5,1,H,H,0.98798627,0.010466729,0.0015470276
2024-04-27 14:00:00,Fulham,Crystal Palace,1,1,D,D,0.11517019,0.7446508,0.14017902
2024-04-27 14:00:00,Manchester United,Burnley,1,1,D,D,0.26062888,0.55410004,0.18527108
2024-04-27 16:30:00,Everton,Brentford,1,0,H,H,0.897296,0.09899199,0.003711981
2024-04-27 19:00:00,Aston Villa,Chelsea,2,2,D,A,0.08050516,0.11927591,0.80021894
2024-04-28 13:00:00,AFC Bournemouth,Brighton & Hove Albion,3,0,H,H,0.98381996,0.01579826,0.00038176024
2024-04-28 13:00:00,Tottenham Hotspur,Arsenal,2,3,A,A,0.08982382,0.06689698,0.8432792
2024-04-28 15:30:00,Nottingham Forest,Manchester City,0,2,A,A,0.0009765029,0.0069521875,0.99207133
2024-05-02 18:30:00,Chelsea,Tottenham Hotspur,2,0,H,H,0.9823747,0.016906343,0.00071893074
2024-05-03 19:00:00,Luton Town,Everton,1,1,D,D,0.21802415,0.54485935,0.23711652
2024-05-04 11:30:00,Arsenal,AFC Bournemouth,3,0,H,H,0.9965827,0.0031868129,0.00023053755
2024-05-04 14:00:00,Sheffield United,Nottingham Forest,1,3,A,A,0.04954377,0.17975575,0.7707005
2024-05-04 14:00:00,Brentford,Fulham,0,0,D,D,0.07633644,0.88293433,0.040729217
2024-05-04 14:00:00,Burnley,Newcastle United,1,4,A,A,0.0033363192,0.015299991,0.98136365
2024-05-04 16:30:00,Manchester City,Wolverhampton Wanderers,5,1,H,H,0.9946228,0.004876781,0.000500408
2024-05-05 13:00:00,Brighton & Hove Albion,Aston Villa,1,0,H,D,0.36884066,0.61708635,0.014072995
2024-05-05 13:00:00,Chelsea,West Ham United,5,0,H,H,0.9962513,0.003538897,0.00020980822
2024-05-05 15:30:00,Liverpool,Tottenham Hotspur,4,2,H,H,0.8512043,0.08848921,0.060306452
2024-05-06 19:00:00,Crystal Palace,Manchester United,4,0,H,H,0.9948949,0.0048301197,0.0002749425
2024-05-11 11:30:00,Fulham,Manchester City,0,4,A,A,0.00039917734,0.0033975018,0.99620336
2024-05-11 14:00:00,Newcastle United,Brighton & Hove Albion,1,1,D,H,0.54842144,0.402595,0.04898354
2024-05-11 14:00:00,Wolverhampton Wanderers,Crystal Palace,1,3,A,A,0.017638363,0.027279075,0.9550826
2024-05-11 14:00:00,West Ham United,Luton Town,3,1,H,H,0.85498863,0.13341,0.011601398
2024-05-11 14:00:00,Everton,Sheffield United,1,0,H,H,0.941601,0.057283446,0.0011155675
2024-05-11 14:00:00,AFC Bournemouth,Brentford,1,2,A,A,0.03884708,0.0790086,0.8821443
2024-05-11 14:00:00,Tottenham Hotspur,Burnley,2,1,H,H,0.86358285,0.11244931,0.023967808
2024-05-11 16:30:00,Nottingham Forest,Chelsea,2,3,A,A,0.056092978,0.12385487,0.82005215
2024-05-12 15:30:00,Manchester United,Arsenal,0,1,A,A,0.0024614455,0.03733883,0.9601997
2024-05-13 19:00:00,Aston Villa,Liverpool,3,3,D,A,0.13946252,0.24267721,0.61786026
2024-05-14 19:00:00,Tottenham Hotspur,Manchester City,0,2,A,A,0.0015094063,0.011107058,0.98738354
2024-05-15 18:45:00,Brighton & Hove Albion,Chelsea,1,2,A,D,0.03198444,0.6264517,0.3415639
2024-05-15 19:00:00,Manchester United,Newcastle United,3,2,H,H,0.837569,0.115036905,0.047394074
2024-05-19 15:00:00,Sheffield United,Tottenham Hotspur,0,3,A,A,0.0009946397,0.007580279,0.99142504
2024-05-19 15:00:00,Liverpool,Wolverhampton Wanderers,2,0,H,H,0.9548333,0.043723483,0.0014431425
2024-05-19 15:00:00,Manchester City,West Ham United,3,1,H,H,0.942347,0.051246904,0.0064060614
2024-05-19 15:00:00,Luton Town,Fulham,2,4,A,A,0.14904583,0.25584155,0.5951126
2024-05-19 15:00:00,Crystal Palace,Aston Villa,5,0,H,H,0.9965281,0.0031386137,0.00033325705
2024-05-19 15:00:00,Brighton & Hove Albion,Manchester United,0,2,A,A,0.000791936,0.022740612,0.97646743
2024-05-19 15:00:00,Burnley,Nottingham Forest,1,2,A,A,0.027128609,0.05408267,0.91878873
2024-05-19 15:00:00,Arsenal,Everton,2,1,H,H,0.8402478,0.14494748,0.014804666
2024-05-19 15:00:00,Chelsea,AFC Bournemouth,2,1,H,H,0.925601,0.07246037,0.0019385873
2024-05-19 15:00:00,Brentford,Newcastle United,2,4,A,A,0.030576644,0.11675678,0.85266656
2024-08-16 19:00:00,Manchester United,Fulham,1,0,H,H,0.938154,0.059079777,0.0027662546
2024-08-17 11:30:00,Ipswich Town,Liverpool,0,2,A,A,0.00074815203,0.00898912,0.99026275
2024-08-17 14:00:00,Arsenal,Wolverhampton Wanderers,2,0,H,H,0.9884504,0.011180034,0.00036957802
2024-08-17 14:00:00,Everton,Brighton & Hove Albion,0,3,A,A,0.0003239541,0.0083174575,0.99135864
2024-08-17 14:00:00,Newcastle United,Southampton,1,0,H,H,0.9671806,0.03156126,0.0012581733
2024-08-17 14:00:00,Nottingham Forest,AFC Bournemouth,1,1,D,D,0.1006893,0.83797497,0.061335742
2024-08-17 16:30:00,West Ham United,Aston Villa,1,2,A,A,0.0073659006,0.13353357,0.8591005
2024-08-18 13:00:00,Brentford,Crystal Palace,2,1,H,H,0.97156197,0.027641593,0.00079638936
2024-08-18 15:30:00,Chelsea,Manchester City,0,2,A,A,0.0013459388,0.021461397,0.9771927
2024-08-19 19:00:00,Leicester City,Tottenham Hotspur,1,1,D,D,0.19439851,0.54762346,0.25797808
2024-08-24 11:30:00,Brighton & Hove Albion,Manchester United,2,1,H,H,0.91921127,0.07364234,0.0071463715
2024-08-24 14:00:00,Crystal Palace,West Ham United,0,2,A,A,0.0039700326,0.18344168,0.8125883
2024-08-24 14:00:00,Fulham,Leicester City,2,1,H,H,0.8435786,0.123123534,0.033297904
2024-08-24 14:00:00,Manchester City,Ipswich Town,4,1,H,H,0.9900034,0.009272484,0.0007240871
2024-08-24 14:00:00,Southampton,Nottingham Forest,0,1,A,A,0.0033055716,0.041864704,0.95482975
2024-08-24 14:00:00,Tottenham Hotspur,Everton,4,0,H,H,0.99144465,0.008104281,0.00045112034
2024-08-24 16:30:00,Aston Villa,Arsenal,0,2,A,A,0.0020006672,0.029370537,0.96862876
2024-08-25 13:00:00,AFC Bournemouth,Newcastle United,1,1,D,A,0.0727044,0.3929258,0.53436977
2024-08-25 13:00:00,Wolverhampton Wanderers,Chelsea,2,6,A,A,0.034529455,0.03347105,0.9319995
2024-08-25 15:30:00,Liverpool,Brentford,2,0,H,H,0.9900446,0.009474499,0.0004809281
2024-08-31 11:30:00,Arsenal,Brighton & Hove Albion,1,1,D,H,0.86916465,0.12414823,0.006687086
2024-08-31 14:00:00,Nottingham Forest,Wolverhampton Wanderers,1,1,D,H,0.61332476,0.37386882,0.01280642
2024-08-31 14:00:00,Leicester City,Aston Villa,1,2,A,A,0.006345264,0.051029228,0.94262546
2024-08-31 14:00:00,Brentford,Southampton,3,1,H,H,0.9645059,0.029450027,0.00604407
2024-08-31 14:00:00,Everton,AFC Bournemouth,2,3,A,A,0.050449945,0.085292436,0.86425763
2024-08-31 14:00:00,Ipswich Town,Fulham,1,1,D,A,0.08077601,0.41186523,0.50735873
2024-08-31 16:30:00,West Ham United,Manchester City,1,3,A,A,0.001115743,0.007528834,0.9913555
2024-09-01 12:30:00,Chelsea,Crystal Palace,1,1,D,D,0.4204299,0.5272744,0.052295692
2024-09-01 12:30:00,Newcastle United,Tottenham Hotspur,2,1,H,H,0.97577024,0.022963537,0.0012662471
2024-09-01 15:00:00,Manchester United,Liverpool,0,3,A,A,0.0003982132,0.004703702,0.99489814
2024-09-14 11:30:00,Southampton,Manchester United,0,3,A,A,0.0005337177,0.004721398,0.9947449
2024-09-14 14:00:00,Manchester City,Brentford,2,1,H,H,0.41051137,0.33515945,0.25432914
2024-09-14 14:00:00,Liverpool,Nottingham Forest,0,1,A,A,0.0062459763,0.14447866,0.84927535
2024-09-14 14:00:00,Fulham,West Ham United,1,1,D,D,0.14438847,0.7343889,0.1212226
2024-09-14 14:00:00,Brighton & Hove Albion,Ipswich Town,0,0,D,D,0.102850325,0.8735502,0.023599505
2024-09-14 14:00:00,Crystal Palace,Leicester City,2,2,D,D,0.33711496,0.35752672,0.3053583
2024-09-14 16:30:00,Aston Villa,Everton,3,2,H,H,0.897588,0.05466846,0.047743525
2024-09-14 19:00:00,AFC Bournemouth,Chelsea,0,1,A,A,0.030737493,0.21043223,0.7588303
2024-09-15 13:00:00,Tottenham Hotspur,Arsenal,0,1,A,A,0.0031214494,0.0781793,0.91869926
2024-09-15 15:30:00,Wolverhampton Wanderers,Newcastle United,1,2,A,A,0.024421144,0.1496264,0.8259525
2024-09-21 11:30:00,West Ham United,Chelsea,0,3,A,A,0.00022800137,0.0043230206,0.995449
2024-09-21 14:00:00,Southampton,Ipswich Town,1,1,D,A,0.340702,0.29004458,0.3692534
2024-09-21 14:00:00,Tottenham Hotspur,Brentford,3,1,H,H,0.86015636,0.12364649,0.016197124
2024-09-21 14:00:00,Liverpool,AFC Bournemouth,3,0,H,H,0.9930773,0.0058581275,0.0010646245
2024-09-21 14:00:00,Leicester City,Everton,1,1,D,A,0.0107354345,0.15710339,0.8321611
2024-09-21 14:00:00,Fulham,Newcastle United,3,1,H,H,0.9496588,0.044307616,0.006033518
2024-09-21 14:00:00,Aston Villa,Wolverhampton Wanderers,3,1,H,H,0.9680085,0.030159451,0.0018320297
2024-09-21 16:30:00,Crystal Palace,Manchester United,0,0,D,D,0.08610721,0.5625479,0.35134488
2024-09-22 13:00:00,Brighton & Hove Albion,Nottingham Forest,2,2,D,D,0.12171878,0.62596184,0.25231937
2024-09-22 15:30:00,Manchester City,Arsenal,2,2,D,A,0.37339848,0.17848004,0.44812146
2024-09-28 11:30:00,Newcastle United,Manchester City,1,1,D,D,0.3072096,0.47318882,0.21960163
2024-09-28 14:00:00,Everton,Crystal Palace,2,1,H,D,0.2835334,0.42972842,0.2867382
2024-09-28 14:00:00,Chelsea,Brighton & Hove Albion,4,2,H,H,0.90783256,0.046884146,0.045283295
2024-09-28 14:00:00,Nottingham Forest,Fulham,0,1,A,A,0.0043689166,0.11538122,0.88024986
2024-09-28 14:00:00,Arsenal,Leicester City,4,2,H,H,0.8940614,0.09604164,0.009896932
2024-09-28 14:00:00,Brentford,West Ham United,1,1,D,D,0.31519267,0.58992344,0.09488392
2024-09-28 16:30:00,Wolverhampton Wanderers,Liverpool,1,2,A,A,0.05884193,0.21171719,0.72944087
2024-09-29 13:00:00,Ipswich Town,Aston Villa,2,2,D,A,0.38758627,0.21086226,0.40155149
2024-09-29 15:30:00,Manchester United,Tottenham Hotspur,0,3,A,A,0.0005339012,0.012974852,0.9864913
2024-09-30 19:00:00,AFC Bournemouth,Southampton,3,1,H,H,0.92768043,0.04694845,0.02537111
2024-10-05 11:30:00,Crystal Palace,Liverpool,0,1,A,A,0.0027765597,0.071289904,0.92593354
2024-10-05 14:00:00,Manchester City,Fulham,3,2,H,H,0.540724,0.20633149,0.25294456
2024-10-05 14:00:00,Arsenal,Southampton,3,1,H,H,0.7172494,0.26735863,0.015391961
2024-10-05 14:00:00,Brentford,Wolverhampton Wanderers,5,3,H,H,0.49210945,0.36906245,0.13882816
2024-10-05 14:00:00,Leicester City,AFC Bournemouth,1,0,H,H,0.5800404,0.39821026,0.021749383
2024-10-05 14:00:00,West Ham United,Ipswich Town,4,1,H,H,0.99491584,0.004681231,0.00040289803
2024-10-05 16:30:00,Everton,Newcastle United,0,0,D,D,0.07799606,0.8520582,0.069945745
2024-10-06 13:00:00,Aston Villa,Manchester United,0,0,D,D,0.059891153,0.89655197,0.043556936
2024-10-06 13:00:00,Chelsea,Nottingham Forest,1,1,D,D,0.082686,0.7666364,0.15067767
2024-10-06 15:30:00,Brighton & Hove Albion,Tottenham Hotspur,3,2,H,H,0.6940752,0.11096494,0.19495977
2024-10-19 11:30:00,Tottenham Hotspur,West Ham United,4,1,H,H,0.75631565,0.21235819,0.031326164
2024-10-19 14:00:00,Fulham,Aston Villa,1,3,A,A,0.022501403,0.25708002,0.7204186
2024-10-19 14:00:00,Manchester United,Brentford,2,1,H,H,0.6835855,0.23273154,0.08368295
2024-10-19 14:00:00,Newcastle United,Brighton & Hove Albion,0,1,A,A,0.0023104434,0.059098974,0.9385905
2024-10-19 14:00:00,Southampton,Leicester City,2,3,A,A,0.30617854,0.30779716,0.38602433
2024-10-19 14:15:00,Ipswich Town,Everton,0,2,A,A,0.00033818095,0.0050349883,0.9946268
2024-10-19 16:30:00,AFC Bournemouth,Arsenal,2,0,H,H,0.94239545,0.05565993,0.001944639
2024-10-20 13:00:00,Wolverhampton Wanderers,Manchester City,1,2,A,A,0.15172346,0.27004144,0.5782351
2024-10-20 15:30:00,Liverpool,Chelsea,2,1,H,H,0.9183442,0.07302148,0.008634288
2024-10-21 19:00:00,Nottingham Forest,Crystal Palace,1,0,H,H,0.7921507,0.19855985,0.009289494
2024-10-25 19:00:00,Leicester City,Nottingham Forest,1,3,A,A,0.00504588,0.121034764,0.87391937
2024-10-26 14:00:00,Aston Villa,AFC Bournemouth,1,1,D,H,0.56465644,0.24865112,0.18669243
2024-10-26 14:00:00,Brentford,Ipswich Town,4,3,H,H,0.8624116,0.07257858,0.06500983
2024-10-26 14:00:00,Brighton & Hove Albion,Wolverhampton Wanderers,2,2,D,A,0.17459685,0.37998992,0.44541326
2024-10-26 14:00:00,Manchester City,Southampton,1,0,H,H,0.9774294,0.02156915,0.0010013964
2024-10-26 16:30:00,Everton,Fulham,1,1,D,D,0.18495676,0.68637323,0.12867002
2024-10-27 14:00:00,Chelsea,Newcastle United,2,1,H,H,0.5691288,0.40918717,0.021684004
2024-10-27 14:00:00,Crystal Palace,Tottenham Hotspur,1,0,H,H,0.89800453,0.100411445,0.0015840242
2024-10-27 14:00:00,West Ham United,Manchester United,2,1,H,H,0.6620654,0.23234913,0.10558549
2024-10-27 16:30:00,Arsenal,Liverpool,2,2,D,A,0.16291785,0.3502788,0.4868033
2024-11-02 12:30:00,Newcastle United,Arsenal,1,0,H,H,0.9568436,0.04239788,0.0007585341
2024-11-02 15:00:00,AFC Bournemouth,Manchester City,2,1,H,H,0.49367148,0.42484117,0.08148731
2024-11-02 15:00:00,Ipswich Town,Leicester City,1,1,D,H,0.4420964,0.42950878,0.12839481
2024-11-02 15:00:00,Liverpool,Brighton & Hove Albion,2,1,H,H,0.86757636,0.120714866,0.01170879
2024-11-02 15:00:00,Nottingham Forest,West Ham United,3,0,H,H,0.9900165,0.0097103035,0.00027312507
2024-11-02 15:00:00,Southampton,Everton,1,0,H,H,0.78640026,0.19823705,0.015362713
2024-11-02 17:30:00,Wolverhampton Wanderers,Crystal Palace,2,2,D,H,0.5195916,0.24508025,0.23532811
2024-11-03 14:00:00,Tottenham Hotspur,Aston Villa,4,1,H,H,0.97560376,0.021335056,0.0030611465
2024-11-03 16:30:00,Manchester United,Chelsea,1,1,D,D,0.24393086,0.5772229,0.17884628
2024-11-04 20:00:00,Fulham,Brentford,2,1,H,H,0.6304989,0.32224002,0.04726109
2024-11-09 15:00:00,Wolverhampton Wanderers,Southampton,2,0,H,H,0.9816975,0.017873641,0.00042882335
2024-11-09 15:00:00,West Ham United,Everton,0,0,D,D,0.086239286,0.8403011,0.0734596
2024-11-09 15:00:00,Crystal Palace,Fulham,0,2,A,A,0.003523085,0.063085854,0.9333911
2024-11-09 15:00:00,Brentford,AFC Bournemouth,3,2,H,H,0.73960406,0.17154261,0.08885331
2024-11-09 17:30:00,Brighton & Hove Albion,Manchester City,2,1,H,H,0.449541,0.11884458,0.4316144
2024-11-09 20:00:00,Liverpool,Aston Villa,2,0,H,H,0.9631332,0.035392698,0.0014741095
2024-11-10 14:00:00,Manchester United,Leicester City,3,0,H,H,0.9850226,0.014164412,0.00081300485
2024-11-10 14:00:00,Nottingham Forest,Newcastle United,1,3,A,A,0.013287325,0.06887811,0.9178346
2024-11-10 14:00:00,Tottenham Hotspur,Ipswich Town,1,2,A,A,0.113373496,0.1957552,0.6908713
2024-11-10 16:30:00,Chelsea,Arsenal,1,1,D,H,0.47618535,0.3390905,0.1847241
2024-11-23 12:30:00,Leicester City,Chelsea,1,2,A,A,0.015257423,0.14591548,0.8388271
2024-11-23 15:00:00,Fulham,Wolverhampton Wanderers,1,4,A,A,0.0012010689,0.017041914,0.981757
2024-11-23 15:00:00,Everton,Brentford,0,0,D,D,0.04750243,0.85979515,0.092702344
2024-11-23 15:00:00,AFC Bournemouth,Brighton & Hove Albion,1,2,A,A,0.021163903,0.25472343,0.7241127
2024-11-23 15:00:00,Arsenal,Nottingham Forest,3,0,H,H,0.9932603,0.0064255446,0.00031416424
2024-11-23 15:00:00,Aston Villa,Crystal Palace,2,2,D,A,0.23220426,0.20975597,0.5580398
2024-11-23 17:30:00,Manchester City,Tottenham Hotspur,0,4,A,A,0.0005984815,0.010065487,0.989336
2024-11-24 14:00:00,Southampton,Liverpool,2,3,A,A,0.056901533,0.23325616,0.70984226
2024-11-24 16:30:00,Ipswich Town,Manchester United,1,1,D,D,0.17993751,0.6896686,0.1303939
2024-11-25 20:00:00,Newcastle United,West Ham United,0,2,A,A,0.0010052901,0.027138432,0.9718563
2024-11-29 20:00:00,Brighton & Hove Albion,Southampton,1,1,D,D,0.33027634,0.47466886,0.19505487
2024-11-30 15:00:00,Wolverhampton Wanderers,AFC Bournemouth,2,4,A,A,0.0107019115,0.022732405,0.96656567
2024-11-30 15:00:00,Nottingham Forest,Ipswich Town,1,0,H,H,0.91434324,0.08417047,0.0014863096
2024-11-30 15:00:00,Brentford,Leicester City,4,1,H,H,0.9868608,0.011393485,0.0017457143
2024-11-30 15:00:00,Crystal Palace,Newcastle United,1,1,D,H,0.8120894,0.1638896,0.024020987
2024-11-30 17:30:00,West Ham United,Arsenal,2,5,A,A,0.038566984,0.08094799,0.880485
2024-12-01 13:30:00,Chelsea,Aston Villa,3,0,H,H,0.99357384,0.006103178,0.00032298343
2024-12-01 13:30:00,Manchester United,Everton,4,0,H,H,0.99329716,0.0060943225,0.0006085187
2024-12-01 13:30:00,Tottenham Hotspur,Fulham,1,1,D,D,0.12584186,0.45154667,0.42261145
2024-12-01 16:00:00,Liverpool,Manchester City,2,0,H,H,0.99122167,0.008305292,0.00047304863
2024-12-03 19:30:00,Ipswich Town,Crystal Palace,0,1,A,A,0.0019615043,0.022745367,0.9752931
2024-12-03 20:15:00,Leicester City,West Ham United,3,1,H,H,0.8383836,0.10719973,0.0544167
2024-12-04 19:30:00,Newcastle United,Liverpool,3,3,D,A,0.32621872,0.1830442,0.49073705
2024-12-04 19:30:00,Southampton,Chelsea,1,5,A,A,0.0027679808,0.027528808,0.96970326
2024-12-04 19:30:00,Everton,Wolverhampton Wanderers,4,0,H,H,0.97558653,0.022919977,0.0014935578
2024-12-04 19:30:00,Manchester City,Nottingham Forest,3,0,H,H,0.99304163,0.0062877545,0.0006706634
2024-12-04 20:15:00,Arsenal,Manchester United,2,0,H,H,0.92496896,0.072502576,0.002528482
2024-12-04 20:15:00,Aston Villa,Brentford,3,1,H,H,0.98055285,0.017522922,0.0019241924
2024-12-05 19:30:00,Fulham,Brighton & Hove Albion,3,1,H,H,0.53509635,0.4219311,0.042972576
2024-12-05 20:15:00,AFC Bournemouth,Tottenham Hotspur,1,0,H,H,0.8873753,0.1101488,0.0024759443
2024-12-07 15:00:00,Aston Villa,Southampton,1,0,H,H,0.96366316,0.0356343,0.00070255797
2024-12-07 15:00:00,Brentford,Newcastle United,4,2,H,H,0.6753043,0.150975,0.17372066
2024-12-07 15:00:00,Crystal Palace,Manchester City,2,2,D,A,0.05458566,0.18814114,0.75727326
2024-12-07 17:30:00,Manchester United,Nottingham Forest,2,3,A,A,0.09791184,0.27860674,0.6234814
2024-12-08 14:00:00,Leicester City,Brighton & Hove Albion,2,2,D,A,0.13099155,0.24678102,0.62222743
2024-12-08 14:00:00,Fulham,Arsenal,1,1,D,H,0.5626219,0.31409508,0.12328303
2024-12-08 14:00:00,Ipswich Town,AFC Bournemouth,1,2,A,A,0.10539086,0.27839822,0.61621094
2024-12-08 16:30:00,Tottenham Hotspur,Chelsea,3,4,A,A,0.24046648,0.25142327,0.5081102
2024-12-09 20:00:00,West Ham United,Wolverhampton Wanderers,2,1,H,H,0.47404572,0.3164008,0.20955345
2024-12-14 15:00:00,Arsenal,Everton,0,0,D,D,0.18761349,0.75363255,0.058753937
2024-12-14 15:00:00,Liverpool,Fulham,2,2,D,A,0.3912291,0.16558696,0.4431839
2024-12-14 15:00:00,Newcastle United,Leicester City,4,0,H,H,0.99670166,0.003185551,0.000112752314
2024-12-14 15:00:00,Wolverhampton Wanderers,Ipswich Town,1,2,A,D,0.250546,0.5817928,0.16766123
2024-12-14 17:30:00,Nottingham Forest,Aston Villa,2,1,H,H,0.7322317,0.24307121,0.024697127
2024-12-15 14:00:00,Brighton & Hove Albion,Crystal Palace,1,3,A,A,0.00047144142,0.008722799,0.9908057
2024-12-15 16:30:00,Manchester City,Manchester United,1,2,A,A,0.018975755,0.095807634,0.8852166
2024-12-15 19:00:00,Southampton,Tottenham Hotspur,0,5,A,A,0.00042192027,0.004282884,0.9952952
2024-12-15 19:00:00,Chelsea,Brentford,2,1,H,H,0.5487782,0.28027606,0.17094572
2024-12-16 20:00:00,AFC Bournemouth,West Ham United,1,1,D,D,0.20518616,0.70290995,0.09190387
2024-12-21 12:30:00,Aston Villa,Manchester City,2,1,H,H,0.8929081,0.09215514,0.014936748
2024-12-21 15:00:00,Brentford,Nottingham Forest,0,2,A,A,0.0020057429,0.14996083,0.84803337
2024-12-21 15:00:00,Ipswich Town,Newcastle United,0,4,A,A,0.00035806748,0.0033391367,0.99630284
2024-12-21 15:00:00,West Ham United,Brighton & Hove Albion,1,1,D,A,0.1532835,0.18064818,0.6660683
2024-12-21 17:30:00,Crystal Palace,Arsenal,1,5,A,A,0.0017436802,0.016417347,0.98183894
2024-12-22 14:00:00,Manchester United,AFC Bournemouth,0,3,A,A,0.0004865653,0.012046592,0.9874669
2024-12-22 14:00:00,Everton,Chelsea,0,0,D,D,0.09855747,0.8201629,0.08127968
2024-12-22 14:00:00,Fulham,Southampton,0,0,D,D,0.09650364,0.86695135,0.036545075
2024-12-22 14:00:00,Leicester City,Wolverhampton Wanderers,0,3,A,A,0.00055629417,0.013206191,0.9862375
2024-12-22 16:30:00,Tottenham Hotspur,Liverpool,3,6,A,A,0.056031093,0.04580486,0.89816403
2024-12-26 12:30:00,Manchester City,Everton,1,1,D,D,0.18477707,0.6546641,0.16055882
2024-12-26 15:00:00,AFC Bournemouth,Crystal Palace,0,0,D,D,0.059573792,0.8463325,0.094093725
2024-12-26 15:00:00,Chelsea,Fulham,1,2,A,A,0.0501941,0.42382917,0.5259767
2024-12-26 15:00:00,Newcastle United,Aston Villa,3,0,H,H,0.9896409,0.00990562,0.0004534673
2024-12-26 15:00:00,Nottingham Forest,Tottenham Hotspur,1,0,H,H,0.6718657,0.322336,0.005798288
2024-12-26 15:00:00,Southampton,West Ham United,0,1,A,A,0.011735577,0.16029875,0.8279657
2024-12-26 17:30:00,Wolverhampton Wanderers,Manchester United,2,0,H,H,0.97973585,0.01944463,0.00081956264
2024-12-26 20:00:00,Liverpool,Leicester City,3,1,H,H,0.9630934,0.034884844,0.002021726
2024-12-27 19:30:00,Brighton & Hove Albion,Brentford,0,0,D,D,0.08424148,0.8158333,0.09992529
2024-12-27 20:15:00,Arsenal,Ipswich Town,1,0,H,H,0.97455466,0.024543494,0.0009017838
2024-12-29 14:30:00,Leicester City,Manchester City,0,2,A,A,0.00085999916,0.023667611,0.9754724
2024-12-29 15:00:00,Tottenham Hotspur,Wolverhampton Wanderers,2,2,D,H,0.4101969,0.2700067,0.31979638
2024-12-29 15:00:00,Fulham,AFC Bournemouth,2,2,D,H,0.56964815,0.19507714,0.23527475
2024-12-29 15:00:00,Crystal Palace,Southampton,2,1,H,H,0.9064265,0.090781294,0.0027922255
2024-12-29 15:00:00,Everton,Nottingham Forest,0,2,A,A,0.0004367006,0.012220188,0.9873431
2024-12-29 17:15:00,West Ham United,Liverpool,0,5,A,A,0.00030074277,0.0028446708,0.9968546
2024-12-30 19:45:00,Aston Villa,Brighton & Hove Albion,2,2,D,A,0.09854809,0.3432245,0.55822736
2024-12-30 19:45:00,Ipswich Town,Chelsea,2,0,H,H,0.9611776,0.035663757,0.0031586613
2024-12-30 20:00:00,Manchester United,Newcastle United,0,2,A,A,0.00034075067,0.0030474162,0.9966118
2025-01-01 17:30:00,Brentford,Arsenal,1,3,A,A,0.0105813695,0.1085236,0.880895
2025-01-04 12:30:00,Tottenham Hotspur,Newcastle United,1,2,A,A,0.0074120304,0.026721952,0.96586597
2025-01-04 15:00:00,Southampton,Brentford,0,5,A,A,0.00021412417,0.003130414,0.99665546
2025-01-04 15:00:00,Manchester City,West Ham United,4,1,H,H,0.88407624,0.08648764,0.029436078
2025-01-04 15:00:00,Crystal Palace,Chelsea,1,1,D,D,0.4018464,0.52225363,0.07589996
2025-01-04 15:00:00,Aston Villa,Leicester City,2,1,H,H,0.9085585,0.08934774,0.0020937237
2025-01-04 15:00:00,AFC Bournemouth,Everton,1,0,H,H,0.659579,0.32713714,0.013283898
2025-01-04 17:30:00,Brighton & Hove Albion,Arsenal,1,1,D,D,0.29207462,0.54024327,0.1676821
2025-01-05 14:00:00,Fulham,Ipswich Town,2,2,D,D,0.38068745,0.44460523,0.17470735
2025-01-05 16:30:00,Liverpool,Manchester United,2,2,D,H,0.56888,0.3233382,0.10778176
2025-01-06 20:00:00,Wolverhampton Wanderers,Nottingham Forest,0,3,A,A,0.0002449011,0.0057553607,0.9939997
2025-01-14 19:30:00,Brentford,Manchester City,2,2,D,D,0.27080527,0.4148351,0.3143596
2025-01-14 19:30:00,West Ham United,Fulham,3,2,H,H,0.67024773,0.22127435,0.10847796
2025-01-14 19:30:00,Chelsea,AFC Bournemouth,2,2,D,H,0.460608,0.30459705,0.234795
2025-01-14 20:00:00,Nottingham Forest,Liverpool,1,1,D,D,0.18957679,0.43947402,0.37094924
2025-01-15 19:30:00,Newcastle United,Wolverhampton Wanderers,3,0,H,H,0.9861226,0.012808981,0.001068355
2025-01-15 19:30:00,Leicester City,Crystal Palace,0,2,A,A,0.00048827208,0.0077640866,0.9917476
2025-01-15 19:30:00,Everton,Aston Villa,0,1,A,A,0.0036432564,0.11280055,0.8835562
2025-01-15 20:00:00,Arsenal,Tottenham Hotspur,2,1,H,H,0.51148385,0.38462684,0.103889346
2025-01-16 19:30:00,Ipswich Town,Brighton & Hove Albion,0,2,A,A,0.0010235955,0.020281168,0.9786952
2025-01-16 20:00:00,Manchester United,Southampton,3,1,H,H,0.89790726,0.094289795,0.007802924
2025-01-18 12:30:00,Newcastle United,AFC Bournemouth,1,4,A,A,0.006471878,0.058048736,0.93547934
2025-01-18 15:00:00,Brentford,Liverpool,0,2,A,A,0.0028332025,0.016951967,0.98021483
2025-01-18 15:00:00,Leicester City,Fulham,0,2,A,A,0.00070134905,0.017956777,0.98134184
2025-01-18 15:00:00,West Ham United,Crystal Palace,0,2,A,A,0.00074485963,0.014427636,0.9848275
2025-01-18 17:30:00,Arsenal,Aston Villa,2,2,D,H,0.53134555,0.41023284,0.05842166
2025-01-19 14:00:00,Manchester United,Brighton & Hove Albion,1,3,A,A,0.025115974,0.07415092,0.9007332
2025-01-19 14:00:00,Nottingham Forest,Southampton,3,2,H,H,0.7082207,0.14237201,0.14940731
2025-01-19 14:00:00,Everton,Tottenham Hotspur,3,2,H,H,0.47763282,0.344321,0.17804618
2025-01-19 16:30:00,Ipswich Town,Manchester City,0,6,A,A,0.00019709747,0.0023873965,0.99741554
2025-01-20 20:00:00,Chelsea,Wolverhampton Wanderers,3,1,H,H,0.8914325,0.100935355,0.0076321373
2025-01-25 15:00:00,AFC Bournemouth,Nottingham Forest,5,0,H,H,0.986991,0.012348663,0.00066036865
2025-01-25 15:00:00,Brighton & Hove Albion,Everton,0,1,A,A,0.008888647,0.38665682,0.6044545
2025-01-25 15:00:00,Liverpool,Ipswich Town,4,1,H,H,0.98104906,0.017384693,0.001566266
2025-01-25 15:00:00,Southampton,Newcastle United,1,3,A,A,0.0031667838,0.020690685,0.9761426
2025-01-25 15:00:00,Wolverhampton Wanderers,Arsenal,0,1,A,A,0.00840412,0.18072522,0.8108707
2025-01-25 17:30:00,Manchester City,Chelsea,3,1,H,H,0.9779302,0.018700631,0.0033691952
2025-01-26 14:00:00,Tottenham Hotspur,Leicester City,1,2,A,D,0.100841075,0.54836357,0.35079536
2025-01-26 14:00:00,Crystal Palace,Brentford,1,2,A,A,0.011951864,0.10979923,0.87824893
2025-01-26 16:30:00,Aston Villa,West Ham United,1,1,D,A,0.10410795,0.38616157,0.50973046
2025-01-26 19:00:00,Fulham,Manchester United,0,1,A,D,0.10398859,0.76484233,0.13116911
2025-02-01 12:30:00,Nottingham Forest,Brighton & Hove Albion,7,0,H,H,0.9957718,0.0038514829,0.00037669807
2025-02-01 15:00:00,Everton,Leicester City,4,0,H,H,0.9952018,0.0044294572,0.00036869218
2025-02-01 15:00:00,Newcastle United,Fulham,1,2,A,A,0.035343383,0.27577594,0.6888807
2025-02-01 15:00:00,AFC Bournemouth,Liverpool,0,2,A,A,0.0004101501,0.00892911,0.9906607
2025-02-01 15:00:00,Ipswich Town,Southampton,1,2,A,D,0.06711318,0.81194705,0.120939806
2025-02-01 17:30:00,Wolverhampton Wanderers,Aston Villa,2,0,H,H,0.97668356,0.022588845,0.00072756386
2025-02-02 14:00:00,Brentford,Tottenham Hotspur,0,2,A,A,0.0032877373,0.119648576,0.8770637
2025-02-02 14:00:00,Manchester United,Crystal Palace,0,2,A,A,0.00062110415,0.042335685,0.9570432
2025-02-02 16:30:00,Arsenal,Manchester City,5,1,H,H,0.9901754,0.009120392,0.0007042113
2025-02-03 20:00:00,Chelsea,West Ham United,2,1,H,H,0.5142948,0.35776135,0.12794387
2025-02-12 19:30:00,Everton,Liverpool,2,2,D,D,0.22006585,0.4908507,0.28908348
2025-02-14 20:00:00,Brighton & Hove Albion,Chelsea,3,0,H,H,0.9883505,0.010821128,0.00082843186
2025-02-15 12:30:00,Leicester City,Arsenal,0,2,A,A,0.00039774113,0.0064349226,0.99316734
2025-02-15 15:00:00,Aston Villa,Ipswich Town,1,1,D,D,0.13788797,0.75021887,0.11189317
2025-02-15 15:00:00,Fulham,Nottingham Forest,2,1,H,D,0.24441645,0.59910744,0.15647607
2025-02-15 15:00:00,Manchester City,Newcastle United,4,0,H,H,0.99597234,0.003747201,0.00028047033
2025-02-15 15:00:00,Southampton,AFC Bournemouth,1,3,A,A,0.0025875429,0.013070972,0.98434144
2025-02-15 15:00:00,West Ham United,Brentford,0,1,A,A,0.0030308317,0.078230396,0.9187388
2025-02-15 17:30:00,Crystal Palace,Everton,1,2,A,D,0.13703182,0.4429747,0.41999352
2025-02-16 14:00:00,Liverpool,Wolverhampton Wanderers,2,1,H,H,0.8476273,0.118381016,0.033991676
2025-02-16 16:30:00,Tottenham Hotspur,Manchester United,1,0,H,H,0.74792135,0.24588376,0.006194876
2025-02-19 19:30:00,Aston Villa,Liverpool,2,2,D,H,0.53577155,0.3464131,0.117815316
2025-02-21 20:00:00,Leicester City,Brentford,0,4,A,A,0.00021638177,0.0037746127,0.996009
2025-02-22 12:30:00,Everton,Manchester United,2,2,D,D,0.29051775,0.6316294,0.07785284
2025-02-22 15:00:00,AFC Bournemouth,Wolverhampton Wanderers,0,1,A,A,0.0010988219,0.03778096,0.9611202
2025-02-22 15:00:00,Arsenal,West Ham United,0,1,A,A,0.0016850842,0.06514435,0.93317056
2025-02-22 15:00:00,Fulham,Crystal Palace,0,2,A,A,0.0018182999,0.036615603,0.96156603
2025-02-22 15:00:00,Ipswich Town,Tottenham Hotspur,1,4,A,A,0.0009433185,0.009839124,0.9892175
2025-02-22 15:00:00,Southampton,Brighton & Hove Albion,0,4,A,A,0.00025554525,0.0046107243,0.9951337
2025-02-22 17:30:00,Aston Villa,Chelsea,2,1,H,H,0.4950321,0.27392587,0.231042
2025-02-23 14:00:00,Newcastle United,Nottingham Forest,4,3,H,H,0.8673764,0.08584494,0.046778616
2025-02-23 16:30:00,Manchester City,Liverpool,0,2,A,A,0.0007862571,0.014181527,0.9850322
2025-02-25 19:30:00,Wolverhampton Wanderers,Fulham,1,2,A,A,0.019630818,0.15862435,0.82174486
2025-02-25 19:30:00,Crystal Palace,Aston Villa,4,1,H,H,0.96640235,0.029120645,0.0044770385
2025-02-25 19:30:00,Brighton & Hove Albion,AFC Bournemouth,2,1,H,H,0.8024392,0.17785819,0.019702636
2025-02-25 20:15:00,Chelsea,Southampton,4,0,H,H,0.9969072,0.0028803677,0.00021249164
2025-02-26 19:30:00,Brentford,Everton,1,1,D,D,0.084375724,0.468634,0.44699022
2025-02-26 19:30:00,Nottingham Forest,Arsenal,0,0,D,D,0.13180073,0.7890813,0.07911802
2025-02-26 19:30:00,Tottenham Hotspur,Manchester City,0,1,A,A,0.009181906,0.073683344,0.91713476
2025-02-26 19:30:00,Manchester United,Ipswich Town,3,2,H,D,0.38223526,0.40701866,0.2107461
2025-02-26 20:15:00,Liverpool,Newcastle United,2,0,H,H,0.9944782,0.0052317833,0.0002899283
2025-02-27 20:00:00,West Ham United,Leicester City,2,0,H,H,0.95871955,0.0395224,0.0017580648
2025-03-08 12:30:00,Nottingham Forest,Manchester City,1,0,H,H,0.917468,0.079515606,0.003016413
2025-03-08 15:00:00,Crystal Palace,Ipswich Town,1,0,H,H,0.7213549,0.25994188,0.018703189
2025-03-08 15:00:00,Brighton & Hove Albion,Fulham,2,1,H,H,0.6974668,0.29403877,0.0084944
2025-03-08 15:00:00,Liverpool,Southampton,3,1,H,H,0.9770184,0.018168988,0.0048125307
2025-03-08 17:30:00,Brentford,Aston Villa,0,1,A,A,0.004210227,0.12866162,0.86712813
2025-03-08 20:00:00,Wolverhampton Wanderers,Everton,1,1,D,D,0.10616141,0.6043982,0.28944042
2025-03-09 14:00:00,Chelsea,Leicester City,1,0,H,H,0.8962121,0.10117864,0.0026092366
2025-03-09 14:00:00,Tottenham Hotspur,AFC Bournemouth,2,2,D,A,0.07773341,0.37318453,0.5490821
2025-03-09 16:30:00,Manchester United,Arsenal,1,1,D,A,0.36945757,0.24462947,0.385913
2025-03-10 20:00:00,West Ham United,Newcastle United,0,1,A,A,0.0018502023,0.022534696,0.9756151
2025-03-15 15:00:00,Everton,West Ham United,1,1,D,A,0.07049371,0.29365358,0.6358527
2025-03-15 15:00:00,Ipswich Town,Nottingham Forest,2,4,A,A,0.004853766,0.0387506,0.9563956
2025-03-15 15:00:00,Manchester City,Brighton & Hove Albion,2,2,D,H,0.7852974,0.19373567,0.02096691
2025-03-15 15:00:00,Southampton,Wolverhampton Wanderers,1,2,A,D,0.14981425,0.56071204,0.2894737
2025-03-15 17:30:00,AFC Bournemouth,Brentford,1,2,A,A,0.0018378614,0.051959116,0.946203
2025-03-16 13:30:00,Fulham,Tottenham Hotspur,2,0,H,H,0.9581615,0.04079122,0.001047268
2025-03-16 13:30:00,Arsenal,Chelsea,1,0,H,H,0.9637194,0.035218854,0.0010617501
2025-03-16 19:00:00,Leicester City,Manchester United,0,3,A,A,0.0004352932,0.021919057,0.97764564
2025-04-01 18:45:00,Arsenal,Fulham,2,1,H,H,0.6830082,0.29674315,0.020248678
2025-04-01 18:45:00,Wolverhampton Wanderers,West Ham United,1,0,H,H,0.8877905,0.105443515,0.0067660348
2025-04-01 19:00:00,Nottingham Forest,Manchester United,1,0,H,H,0.8727813,0.124473006,0.0027456968
2025-04-02 18:45:00,AFC Bournemouth,Ipswich Town,1,2,A,D,0.08145484,0.64102185,0.2775233
2025-04-02 18:45:00,Brighton & Hove Albion,Aston Villa,0,3,A,A,0.0006058317,0.008251979,0.99114215
2025-04-02 18:45:00,Manchester City,Leicester City,2,0,H,H,0.9904909,0.009176491,0.00033263917
2025-04-02 18:45:00,Newcastle United,Brentford,2,1,H,H,0.49447355,0.46565092,0.039875552
2025-04-02 18:45:00,Southampton,Crystal Palace,1,1,D,D,0.18556641,0.7467022,0.067731395
2025-04-02 19:00:00,Liverpool,Everton,1,0,H,H,0.49567792,0.48188403,0.0224381
2025-04-03 19:00:00,Chelsea,Tottenham Hotspur,1,0,H,H,0.8503508,0.14202544,0.0076237093
2025-04-05 11:30:00,Everton,Arsenal,1,1,D,D,0.050129294,0.79708993,0.15278074
2025-04-05 14:00:00,Crystal Palace,Brighton & Hove Albion,2,1,H,H,0.7009289,0.25655687,0.042514175
2025-04-05 14:00:00,Ipswich Town,Wolverhampton Wanderers,1,2,A,A,0.007960997,0.04176682,0.95027214
2025-04-05 14:00:00,West Ham United,AFC Bournemouth,2,2,D,H,0.39395466,0.33015418,0.27589118
2025-04-05 16:30:00,Aston Villa,Nottingham Forest,2,1,H,H,0.76456505,0.21957055,0.015864417
2025-04-06 13:00:00,Brentford,Chelsea,0,0,D,D,0.07480633,0.73792905,0.18726459
2025-04-06 13:00:00,Fulham,Liverpool,3,2,H,H,0.61157906,0.17861386,0.20980708
2025-04-06 13:00:00,Tottenham Hotspur,Southampton,3,1,H,H,0.9801435,0.01612624,0.0037303157
2025-04-06 15:30:00,Manchester United,Manchester City,0,0,D,D,0.081748925,0.83021265,0.08803841
2025-04-07 19:00:00,Leicester City,Newcastle United,0,3,A,A,0.00038084787,0.007125554,0.9924935
2025-04-12 11:30:00,Manchester City,Crystal Palace,5,2,H,H,0.9759655,0.018223492,0.0058109653
2025-04-12 14:00:00,Brighton & Hove Albion,Leicester City,2,2,D,D,0.20627409,0.5893779,0.20434803
2025-04-12 14:00:00,Nottingham Forest,Everton,0,1,A,A,0.010950992,0.20782472,0.78122425
2025-04-12 14:00:00,Southampton,Aston Villa,0,3,A,A,0.0013388073,0.010365115,0.9882961
2025-04-12 16:30:00,Arsenal,Brentford,1,1,D,A,0.05949855,0.15632062,0.7841808
2025-04-13 13:00:00,Chelsea,Ipswich Town,2,2,D,D,0.35226047,0.48943675,0.15830277
2025-04-13 13:00:00,Liverpool,West Ham United,2,1,H,H,0.9599817,0.038880564,0.0011377943
2025-04-13 13:00:00,Wolverhampton Wanderers,Tottenham Hotspur,4,2,H,H,0.8883283,0.07419674,0.03747491
2025-04-13 15:30:00,Newcastle United,Manchester United,4,1,H,H,0.9086399,0.086742684,0.0046174605
2025-04-14 19:00:00,AFC Bournemouth,Fulham,1,0,H,H,0.91342187,0.083228946,0.0033491289
2025-04-16 18:30:00,Newcastle United,Crystal Palace,5,0,H,H,0.9928767,0.0067414595,0.0003818239
2025-04-19 14:00:00,West Ham United,Southampton,1,1,D,H,0.63685966,0.31777376,0.0453666
2025-04-19 14:00:00,Everton,Manchester City,0,2,A,A,0.00080546184,0.009534627,0.98965997
2025-04-19 14:00:00,Crystal Palace,AFC Bournemouth,0,0,D,D,0.07817241,0.86876786,0.053059682
2025-04-19 14:00:00,Brentford,Brighton & Hove Albion,4,2,H,H,0.80994654,0.15645348,0.033599958
2025-04-19 16:30:00,Aston Villa,Newcastle United,4,1,H,H,0.9695814,0.028368259,0.0020503313
2025-04-20 13:00:00,Fulham,Chelsea,1,2,A,A,0.015594355,0.20248628,0.7819193
2025-04-20 13:00:00,Ipswich Town,Arsenal,0,4,A,A,0.0006789926,0.005556605,0.9937644
2025-04-20 13:00:00,Manchester United,Wolverhampton Wanderers,0,1,A,A,0.0023753901,0.036268394,0.9613562
2025-04-20 15:30:00,Leicester City,Liverpool,0,1,A,A,0.019892631,0.3738712,0.60623616
2025-04-21 19:00:00,Tottenham Hotspur,Nottingham Forest,1,2,A,A,0.0144466655,0.16977577,0.81577754
2025-04-22 19:00:00,Manchester City,Aston Villa,2,1,H,H,0.68266577,0.27635387,0.04098038
2025-04-23 19:00:00,Arsenal,Crystal Palace,2,2,D,H,0.63975996,0.29849753,0.061742518
2025-04-26 11:30:00,Chelsea,Everton,1,0,H,H,0.9217907,0.07590597,0.0023033298
2025-04-26 14:00:00,Wolverhampton Wanderers,Leicester City,3,0,H,H,0.9853065,0.013876786,0.00081673753
2025-04-26 14:00:00,Southampton,Fulham,1,2,A,A,0.045557115,0.1491662,0.80527663
2025-04-26 14:00:00,Brighton & Hove Albion,West Ham United,3,2,H,H,0.5556812,0.22366957,0.2206492
2025-04-26 14:00:00,Newcastle United,Ipswich Town,3,0,H,H,0.9649779,0.034563042,0.0004590519
2025-04-27 13:00:00,AFC Bournemouth,Manchester United,1,1,D,D,0.15234087,0.5559834,0.29167572
2025-04-27 15:30:00,Liverpool,Tottenham Hotspur,5,1,H,H,0.9612802,0.03487501,0.0038448216
2025-05-01 18:30:00,Nottingham Forest,Brentford,0,2,A,A,0.0011135122,0.03153507,0.9673514
2025-05-02 19:00:00,Manchester City,Wolverhampton Wanderers,1,0,H,H,0.78202075,0.20808923,0.009890043
2025-05-03 11:30:00,Aston Villa,Fulham,1,0,H,H,0.59218645,0.39456195,0.013251609
2025-05-03 14:00:00,Everton,Ipswich Town,2,2,D,D,0.2402562,0.6080689,0.15167496
2025-05-03 14:00:00,Leicester City,Southampton,2,0,H,H,0.9737641,0.02542665,0.0008091633
2025-05-03 16:30:00,Arsenal,AFC Bournemouth,1,2,A,D,0.2760473,0.48844767,0.23550506
2025-05-04 13:00:00,West Ham United,Tottenham Hotspur,1,1,D,D,0.26161227,0.6810989,0.05728888
2025-05-04 13:00:00,Brentford,Manchester United,4,3,H,H,0.5606823,0.16051048,0.27880725
2025-05-04 13:00:00,Brighton & Hove Albion,Newcastle United,1,1,D,D,0.11907066,0.7452785,0.13565083
2025-05-04 15:30:00,Chelsea,Liverpool,3,1,H,H,0.9266901,0.06370452,0.009605452
2025-05-05 19:00:00,Crystal Palace,Nottingham Forest,1,1,D,D,0.247261,0.67402565,0.07871333
2025-05-10 14:00:00,Fulham,Everton,1,3,A,A,0.039249275,0.45788893,0.5028618
2025-05-10 14:00:00,Ipswich Town,Brentford,0,1,A,A,0.0033667728,0.087055616,0.90957767
2025-05-10 14:00:00,Southampton,Manchester City,0,0,D,D,0.1607674,0.7291581,0.11007448
2025-05-10 14:00:00,Wolverhampton Wanderers,Brighton & Hove Albion,0,2,A,A,0.000833862,0.029138971,0.9700272
2025-05-10 16:30:00,AFC Bournemouth,Aston Villa,0,1,A,A,0.0018871496,0.054092463,0.94402045
2025-05-11 11:00:00,Newcastle United,Chelsea,2,0,H,H,0.97390103,0.024357291,0.0017417151
2025-05-11 13:15:00,Nottingham Forest,Leicester City,2,2,D,D,0.4481325,0.48121727,0.07065024
2025-05-11 13:15:00,Tottenham Hotspur,Crystal Palace,0,2,A,A,0.0009448674,0.008434994,0.99062014
2025-05-11 13:15:00,Manchester United,West Ham United,0,2,A,A,0.00087849965,0.011665705,0.98745584
2025-05-11 15:30:00,Liverpool,Arsenal,2,2,D,H,0.47054526,0.1904791,0.33897564
2025-05-16 18:30:00,Aston Villa,Tottenham Hotspur,2,0,H,H,0.97964454,0.019377898,0.0009776186
2025-05-16 19:15:00,Chelsea,Manchester United,1,0,H,H,0.8594497,0.1361211,0.004429256
2025-05-18 11:00:00,Everton,Southampton,2,0,H,H,0.98525214,0.013748526,0.0009993955
2025-05-18 13:15:00,West Ham United,Nottingham Forest,1,2,A,A,0.01548725,0.040101398,0.94441134
2025-05-18 14:00:00,Brentford,Fulham,2,3,A,A,0.14948381,0.16504945,0.68546677
2025-05-18 14:00:00,Leicester City,Ipswich Town,2,0,H,H,0.9815942,0.017731642,0.0006740819
2025-05-18 15:30:00,Arsenal,Newcastle United,1,0,H,H,0.9409214,0.054455273,0.0046233474
2025-05-19 19:00:00,Brighton & Hove Albion,Liverpool,3,2,H,H,0.41075203,0.25979573,0.3294523
2025-05-20 19:00:00,Crystal Palace,Wolverhampton Wanderers,4,2,H,H,0.85965747,0.06108336,0.07925922
2025-05-20 19:00:00,Manchester City,AFC Bournemouth,3,1,H,H,0.9771259,0.021499332,0.0013747694
