Date,Home Team,Away Team,Expected Home Goals,Expected Away Goals,Home Win Probability,Draw Probability,Away Win Probability,Top-1,Top-1 Prob,Top-2,Top-2 Prob,Top-3,Top-3 Prob
2023-12-06,Brighton & Hove Albion,Brentford,1.9320000410079956,0.9300000071525574,0.5591,0.2513,0.1896,'1-0',0.1104,'2-0',0.1067,'1-1',0.1027
2023-12-06,Fulham,Nottingham Forest,3.0,0.00800000037997961,0.9213,0.0781,0.0006,'2-0',0.2223,'3-0',0.2223,'1-0',0.1482
2023-12-06,Sheffield United,Liverpool,0.014000000432133675,1.9429999589920044,0.0024,0.1674,0.8302,'0-1',0.2744,'0-2',0.2666,'0-3',0.1727
2023-12-06,Crystal Palace,AFC Bournemouth,0.014000000432133675,1.371000051498413,0.0038,0.2688,0.7274,'0-1',0.3431,'0-0',0.2503,'0-2',0.2352
2023-12-06,Aston Villa,Manchester City,1.3639999628067017,0.00800000037997961,0.7282,0.2698,0.002,'1-0',0.346,'0-0',0.2537,'2-0',0.236
2023-12-06,Manchester United,Chelsea,2.058000087738037,1.0490000247955322,0.5497,0.2488,0.2015,'2-1',0.0994,'1-1',0.0966,'2-0',0.0947
2023-12-07,Everton,Newcastle United,2.325000047683716,0.00800000037997961,0.8747,0.1244,0.0009,'2-0',0.2623,'1-0',0.2256,'3-0',0.2033
2023-12-07,Tottenham Hotspur,West Ham United,1.1139999628067017,1.6990000009536743,0.2545,0.2704,0.4751,'1-1',0.1136,'0-1',0.102,'1-2',0.0965
2023-12-09,Crystal Palace,Liverpool,0.9700000286102295,1.9160000085830688,0.1995,0.254,0.5465,'0-1',0.1069,'1-1',0.1037,'0-2',0.1024
2023-12-09,Manchester United,AFC Bournemouth,0.014000000432133675,2.8580000400543213,0.0012,0.0867,0.912,'0-2',0.231,'0-3',0.2201,'0-1',0.1617
2023-12-09,Sheffield United,Brentford,1.0149999856948853,0.00800000037997961,0.6273,0.3699,0.0028,'1-0',0.3651,'0-0',0.3598,'2-0',0.1852
2023-12-09,Aston Villa,Arsenal,0.9739999771118164,0.00800000037997961,0.6131,0.384,0.0029,'0-0',0.3745,'1-0',0.365,'2-0',0.1778
2023-12-10,Everton,Chelsea,1.3660000562667847,0.02500000037252903,0.7222,0.271,0.0068,'1-0',0.3399,'0-0',0.2489,'2-0',0.2321
2023-12-10,Fulham,West Ham United,3.0,0.00800000037997961,0.9213,0.0781,0.0006,'2-0',0.2223,'3-0',0.2223,'1-0',0.1482
2023-12-10,Luton Town,Manchester City,1.1019999980926514,2.1559998989105225,0.2022,0.2461,0.5517,'1-2',0.0985,'1-1',0.0914,'0-2',0.0894
2023-12-10,Tottenham Hotspur,Newcastle United,3.0,1.0670000314712524,0.6549,0.2079,0.1372,'2-1',0.0822,'3-1',0.0822,'2-0',0.0771
2023-12-15,Nottingham Forest,Tottenham Hotspur,0.014000000432133675,1.5800000429153442,0.0032,0.2247,0.7721,'0-1',0.3208,'0-2',0.2535,'0-0',0.203
2023-12-16,Chelsea,Sheffield United,1.496000051498413,0.00800000037997961,0.7576,0.2406,0.0018,'1-0',0.3326,'2-0',0.2488,'0-0',0.2224
2023-12-16,Manchester City,Crystal Palace,2.1459999084472656,2.0789999961853027,0.3737,0.2699,0.3564,'2-2',0.0728,'2-1',0.07,'1-2',0.0678
2023-12-17,West Ham United,Wolverhampton Wanderers,2.630000114440918,0.02500000037252903,0.8946,0.1028,0.0025,'2-0',0.2431,'3-0',0.2131,'1-0',0.1849
2023-12-17,Liverpool,Manchester United,0.02199999988079071,0.00800000037997961,0.0217,0.9709,0.0074,'0-0',0.9708,'1-0',0.0214,'0-1',0.0074
2023-12-21,Crystal Palace,Brighton & Hove Albion,1.184999942779541,1.1449999809265137,0.3591,0.299,0.3419,'1-1',0.132,'1-0',0.1153,'0-1',0.1114
2023-12-22,Aston Villa,Sheffield United,0.9850000143051147,1.090000033378601,0.3183,0.3142,0.3675,'0-1',0.1368,'1-1',0.1348,'0-0',0.1255
2023-12-23,West Ham United,Manchester United,1.6009999513626099,0.00800000037997961,0.7783,0.2201,0.0017,'1-0',0.3205,'2-0',0.2565,'0-0',0.2003
2023-12-23,Fulham,Burnley,0.007000000216066837,1.4839999675750732,0.0016,0.2428,0.7556,'0-1',0.3342,'0-2',0.248,'0-0',0.2251
2023-12-23,Luton Town,Newcastle United,0.9810000061988831,0.00800000037997961,0.6152,0.3819,0.0029,'0-0',0.3723,'1-0',0.365,'2-0',0.179
2023-12-23,Nottingham Forest,AFC Bournemouth,1.7740000486373901,2.609999895095825,0.2655,0.261,0.4736,'1-2',0.0754,'2-2',0.0669,'1-3',0.0656
2023-12-23,Tottenham Hotspur,Everton,2.009000062942505,1.1410000324249268,0.5212,0.2548,0.224,'2-1',0.0987,'1-1',0.0982,'2-0',0.0865
2023-12-23,Liverpool,Arsenal,1.0240000486373901,1.3049999475479126,0.2909,0.2962,0.4129,'1-1',0.1302,'0-1',0.1271,'1-0',0.0998
2023-12-24,Wolverhampton Wanderers,Chelsea,2.0439999103546143,1.0800000429153442,0.5405,0.2508,0.2087,'2-1',0.0992,'1-1',0.0971,'2-0',0.0919
2023-12-26,Newcastle United,Nottingham Forest,1.13100004196167,3.0,0.1465,0.2134,0.6401,'1-2',0.0818,'1-3',0.0818,'0-2',0.0723
2023-12-26,AFC Bournemouth,Fulham,2.7850000858306885,0.00800000037997961,0.9093,0.09,0.0007,'2-0',0.2376,'3-0',0.2206,'1-0',0.1706
2023-12-26,Sheffield United,Luton Town,1.6660000085830688,1.7330000400543213,0.3543,0.2697,0.3759,'1-1',0.0964,'1-2',0.0836,'2-1',0.0803
2023-12-26,Burnley,Liverpool,0.014000000432133675,2.690000057220459,0.0014,0.0971,0.9016,'0-2',0.2422,'0-3',0.2171,'0-1',0.1801
2023-12-26,Manchester United,Aston Villa,2.7019999027252197,2.259000062942505,0.4097,0.2763,0.3139,'2-2',0.0652,'3-2',0.0588,'2-1',0.0578
2023-12-27,Brentford,Wolverhampton Wanderers,1.1820000410079956,3.0,0.154,0.2177,0.6283,'1-2',0.0812,'1-3',0.0812,'0-2',0.0687
2023-12-27,Chelsea,Crystal Palace,1.7309999465942383,1.0880000591278076,0.4867,0.2683,0.245,'1-1',0.1124,'1-0',0.1032,'2-1',0.0973
2023-12-27,Everton,Manchester City,0.9729999899864197,2.618000030517578,0.1443,0.2157,0.64,'0-2',0.0945,'1-2',0.0919,'0-3',0.0825
2023-12-28,Brighton & Hove Albion,Tottenham Hotspur,3.0,1.7380000352859497,0.5171,0.2545,0.2285,'2-1',0.0685,'3-1',0.0685,'2-2',0.0595
2023-12-30,Luton Town,Chelsea,1.9359999895095825,2.7809998989105225,0.2702,0.2657,0.4641,'1-2',0.0669,'2-2',0.0648,'1-3',0.0621
2023-12-30,Aston Villa,Burnley,3.0,1.715000033378601,0.5212,0.2532,0.2256,'2-1',0.0691,'3-1',0.0691,'2-2',0.0593
2023-12-30,Crystal Palace,Brentford,2.8610000610351562,0.9580000042915344,0.6682,0.2037,0.1281,'2-0',0.0899,'2-1',0.0861,'3-0',0.0857
2023-12-30,Wolverhampton Wanderers,Everton,3.0,0.00800000037997961,0.9213,0.0781,0.0006,'2-0',0.2223,'3-0',0.2223,'1-0',0.1482
2023-12-30,Nottingham Forest,Manchester United,1.8209999799728394,1.0920000076293945,0.5017,0.2633,0.2351,'1-1',0.108,'1-0',0.0989,'2-1',0.0983
2023-12-31,Tottenham Hotspur,AFC Bournemouth,2.6010000705718994,1.1519999504089355,0.5956,0.2296,0.1748,'2-1',0.0914,'2-0',0.0793,'3-1',0.0792
2024-01-01,Liverpool,Newcastle United,3.0,1.86899995803833,0.4948,0.2611,0.2441,'2-1',0.0646,'3-1',0.0646,'2-2',0.0604
2024-01-02,West Ham United,Brighton & Hove Albion,0.014000000432133675,0.039000000804662704,0.0136,0.9483,0.0381,'0-0',0.9477,'0-1',0.0374,'1-0',0.0135
2024-01-12,Burnley,Luton Town,1.062999963760376,1.0829999446868896,0.3405,0.3099,0.3496,'1-1',0.1346,'0-1',0.1267,'1-0',0.1244
2024-01-13,Chelsea,Fulham,1.0509999990463257,0.00800000037997961,0.6397,0.3576,0.0027,'1-0',0.3646,'0-0',0.3468,'2-0',0.1917
2024-01-13,Newcastle United,Manchester City,2.0399999618530273,3.0,0.2635,0.2689,0.4675,'2-2',0.0606,'2-3',0.0606,'1-2',0.0594
2024-01-14,Everton,Aston Villa,0.014000000432133675,0.00800000037997961,0.014,0.9785,0.0075,'0-0',0.9784,'1-0',0.0139,'0-1',0.0074
2024-01-14,Manchester United,Tottenham Hotspur,1.965000033378601,1.8200000524520874,0.387,0.2679,0.3451,'1-1',0.0812,'2-1',0.0798,'1-2',0.0739
2024-01-20,Arsenal,Crystal Palace,3.0,0.00800000037997961,0.9213,0.0781,0.0006,'2-0',0.2223,'3-0',0.2223,'1-0',0.1482
2024-01-20,Brentford,Nottingham Forest,2.552999973297119,1.9919999837875366,0.4326,0.2686,0.2988,'2-1',0.0689,'2-2',0.0687,'3-1',0.0587
2024-01-21,Sheffield United,West Ham United,1.9299999475479126,1.9129999876022339,0.3682,0.2683,0.3635,'1-1',0.0791,'2-1',0.0763,'1-2',0.0757
2024-01-21,AFC Bournemouth,Liverpool,0.014000000432133675,3.0,0.0011,0.0791,0.9198,'0-2',0.2209,'0-3',0.2209,'0-1',0.1472
2024-01-22,Brighton & Hove Albion,Wolverhampton Wanderers,0.029999999329447746,0.00800000037997961,0.029,0.9636,0.0074,'0-0',0.9634,'1-0',0.0286,'0-1',0.0073
2024-01-30,Nottingham Forest,Arsenal,1.1130000352859497,1.9249999523162842,0.2275,0.2582,0.5143,'1-1',0.1027,'1-2',0.0988,'0-1',0.0923
2024-01-30,Fulham,Everton,0.009999999776482582,0.00800000037997961,0.0094,0.9831,0.0075,'0-0',0.983,'1-0',0.0094,'0-1',0.0075
2024-01-30,Crystal Palace,Sheffield United,2.7660000324249268,2.062999963760376,0.4432,0.2704,0.2864,'2-2',0.0651,'2-1',0.0631,'3-2',0.06
2024-01-30,Aston Villa,Newcastle United,1.2239999771118164,1.9800000190734863,0.243,0.2587,0.4983,'1-1',0.0984,'1-2',0.0974,'0-1',0.0804
2024-01-31,Tottenham Hotspur,Brentford,2.4049999713897705,1.9709999561309814,0.4198,0.2685,0.3117,'2-1',0.0717,'2-2',0.0706,'1-1',0.0596
2024-01-31,Manchester City,Burnley,2.6510000228881836,1.1419999599456787,0.6033,0.2269,0.1697,'2-1',0.0904,'3-1',0.0799,'2-0',0.0791
2024-01-31,Liverpool,Chelsea,3.0,1.0789999961853027,0.652,0.209,0.139,'2-1',0.0822,'3-1',0.0822,'2-0',0.0762
2024-02-01,West Ham United,AFC Bournemouth,1.1649999618530273,0.7870000004768372,0.4332,0.3174,0.2494,'1-0',0.1654,'0-0',0.142,'1-1',0.1302
2024-02-01,Wolverhampton Wanderers,Manchester United,3.0,3.0,0.3506,0.2988,0.3506,'2-2',0.0502,'2-3',0.0502,'3-2',0.0502
2024-02-03,Everton,Tottenham Hotspur,1.9830000400543213,2.299999952316284,0.3251,0.2689,0.406,'1-2',0.0724,'2-2',0.0718,'1-1',0.063
2024-02-03,Newcastle United,Luton Town,3.0,1.1200000047683716,0.6426,0.2125,0.1449,'2-1',0.0819,'3-1',0.0819,'2-0',0.0731
2024-02-03,Brighton & Hove Albion,Crystal Palace,2.131999969482422,2.002000093460083,0.3827,0.2691,0.3482,'2-2',0.073,'2-1',0.0729,'1-2',0.0684
2024-02-04,AFC Bournemouth,Nottingham Forest,0.9940000176429749,1.1059999465942383,0.3177,0.3124,0.3699,'0-1',0.1354,'1-1',0.1346,'0-0',0.1224
2024-02-04,Manchester United,West Ham United,2.684000015258789,0.00800000037997961,0.9029,0.0964,0.0007,'2-0',0.2441,'3-0',0.2184,'1-0',0.1819
2024-02-04,Arsenal,Liverpool,2.3959999084472656,0.7829999923706055,0.6626,0.2121,0.1252,'2-0',0.1195,'1-0',0.0997,'3-0',0.0954
2024-02-05,Brentford,Manchester City,0.9700000286102295,3.0,0.123,0.1991,0.6779,'0-2',0.0849,'0-3',0.0849,'1-2',0.0824
2024-02-10,Manchester City,Everton,2.1540000438690186,0.00800000037997961,0.8576,0.1413,0.0011,'2-0',0.2671,'1-0',0.248,'3-0',0.1918
2024-02-10,Fulham,AFC Bournemouth,0.02199999988079071,1.8070000410079956,0.0041,0.1876,0.8082,'0-1',0.2901,'0-2',0.2621,'0-0',0.1606
2024-02-10,Tottenham Hotspur,Brighton & Hove Albion,1.0709999799728394,2.677999973297119,0.1565,0.2207,0.6228,'1-2',0.0904,'0-2',0.0844,'1-3',0.0807
2024-02-10,Liverpool,Burnley,1.3910000324249268,1.1929999589920044,0.3969,0.2863,0.3167,'1-1',0.1252,'1-0',0.105,'0-1',0.09
2024-02-10,Luton Town,Sheffield United,2.7709999084472656,1.0959999561309814,0.6265,0.2189,0.1546,'2-1',0.088,'3-1',0.0813,'2-0',0.0803
2024-02-10,Wolverhampton Wanderers,Brentford,2.6110000610351562,1.121999979019165,0.6036,0.2271,0.1693,'2-1',0.0915,'2-0',0.0815,'3-1',0.0796
2024-02-10,Nottingham Forest,Newcastle United,2.058000087738037,2.318000078201294,0.3324,0.2703,0.3974,'2-2',0.0715,'1-2',0.0695,'2-1',0.0617
2024-02-11,Aston Villa,Manchester United,1.2209999561309814,1.9989999532699585,0.2404,0.2578,0.5018,'1-1',0.0975,'1-2',0.0975,'0-1',0.0799
2024-02-12,Crystal Palace,Chelsea,0.8069999814033508,2.8529999256134033,0.1053,0.1897,0.705,'0-2',0.1047,'0-3',0.0996,'1-2',0.0845
2024-02-17,Brentford,Liverpool,1.1430000066757202,3.0,0.1482,0.2144,0.6374,'1-2',0.0817,'1-3',0.0817,'0-2',0.0715
2024-02-17,Tottenham Hotspur,Wolverhampton Wanderers,2.2820000648498535,1.5839999914169312,0.4692,0.2597,0.2712,'2-1',0.0864,'1-1',0.0757,'2-2',0.0684
2024-02-17,Fulham,Aston Villa,1.0440000295639038,2.0929999351501465,0.1972,0.2467,0.5561,'1-2',0.0993,'0-2',0.0951,'1-1',0.0949
2024-02-17,Nottingham Forest,West Ham United,0.014000000432133675,3.0,0.0011,0.0791,0.9198,'0-2',0.2209,'0-3',0.2209,'0-1',0.1472
2024-02-17,Newcastle United,AFC Bournemouth,1.1069999933242798,1.7910000085830688,0.2418,0.2653,0.4929,'1-1',0.1093,'0-1',0.0987,'1-2',0.0979
2024-02-17,Manchester City,Chelsea,0.9190000295639038,1.1970000267028809,0.2812,0.3087,0.4101,'0-1',0.1443,'1-1',0.1326,'0-0',0.1206
2024-02-19,Everton,Crystal Palace,1.0839999914169312,1.0190000534057617,0.359,0.3126,0.3284,'1-1',0.1349,'1-0',0.1324,'0-1',0.1244
2024-02-20,Manchester City,Brentford,1.4279999732971191,0.00800000037997961,0.743,0.2551,0.0019,'1-0',0.3398,'2-0',0.2426,'0-0',0.238
2024-02-21,Liverpool,Luton Town,3.0,1.0299999713897705,0.6636,0.2046,0.1318,'2-1',0.0824,'3-1',0.0824,'2-0',0.08
2024-02-24,Crystal Palace,Burnley,1.399999976158142,1.8980000019073486,0.2852,0.2653,0.4495,'1-1',0.0982,'1-2',0.0932,'0-1',0.0701
2024-02-24,Aston Villa,Nottingham Forest,1.1180000305175781,1.190000057220459,0.3342,0.3,0.3658,'1-1',0.1323,'0-1',0.1183,'1-0',0.1112
2024-02-24,Brighton & Hove Albion,Everton,2.996999979019165,0.00800000037997961,0.9212,0.0782,0.0006,'2-0',0.2225,'3-0',0.2223,'1-0',0.1485
2024-02-24,AFC Bournemouth,Manchester City,0.014000000432133675,1.1180000305175781,0.0048,0.3365,0.6587,'0-1',0.3603,'0-0',0.3222,'0-2',0.2015
2024-02-24,Arsenal,Newcastle United,2.7939999103546143,1.0980000495910645,0.6283,0.2182,0.1535,'2-1',0.0875,'3-1',0.0814,'2-0',0.0797
2024-02-25,Wolverhampton Wanderers,Sheffield United,1.0160000324249268,0.00800000037997961,0.6276,0.3696,0.0028,'1-0',0.365,'0-0',0.3595,'2-0',0.1854
2024-02-26,West Ham United,Brentford,3.0,1.9630000591278076,0.4795,0.2656,0.255,'2-1',0.0618,'3-1',0.0618,'2-2',0.0606
2024-03-02,Brentford,Chelsea,1.9299999475479126,2.1419999599456787,0.3373,0.2683,0.3944,'1-2',0.0754,'2-2',0.0728,'1-1',0.0704
2024-03-02,Everton,West Ham United,1.24399995803833,2.4170000553131104,0.204,0.242,0.554,'1-2',0.0934,'1-1',0.0773,'1-3',0.0753
2024-03-02,Fulham,Brighton & Hove Albion,2.0480000972747803,0.00800000037997961,0.8455,0.1533,0.0012,'2-0',0.2685,'1-0',0.2622,'3-0',0.1832
2024-03-02,Newcastle United,Wolverhampton Wanderers,2.4519999027252197,0.00800000037997961,0.8857,0.1134,0.0009,'2-0',0.2569,'3-0',0.21,'1-0',0.2096
2024-03-02,Tottenham Hotspur,Crystal Palace,2.740000009536743,1.027999997138977,0.6395,0.2147,0.1458,'2-1',0.0891,'2-0',0.0867,'3-1',0.0814
2024-03-02,Luton Town,Aston Villa,2.242000102996826,2.7060000896453857,0.3118,0.2759,0.4123,'2-2',0.0653,'2-3',0.0589,'1-2',0.0582
2024-03-03,Burnley,AFC Bournemouth,0.007000000216066837,1.6380000114440918,0.0014,0.213,0.7855,'0-1',0.3162,'0-2',0.259,'0-0',0.193
2024-03-03,Manchester City,Manchester United,3.0,0.9419999718666077,0.6848,0.1965,0.1188,'2-0',0.0874,'3-0',0.0874,'2-1',0.0823
2024-03-04,Sheffield United,Arsenal,0.014000000432133675,3.0,0.0011,0.0791,0.9198,'0-2',0.2209,'0-3',0.2209,'0-1',0.1472
2024-03-09,Manchester United,Everton,2.443000078201294,0.00800000037997961,0.885,0.1141,0.0009,'2-0',0.2573,'1-0',0.2106,'3-0',0.2096
2024-03-09,AFC Bournemouth,Sheffield United,1.9290000200271606,1.8739999532699585,0.3738,0.2682,0.358,'1-1',0.0807,'2-1',0.0778,'1-2',0.0756
2024-03-09,Crystal Palace,Luton Town,0.996999979019165,1.0180000066757202,0.3353,0.3191,0.3456,'0-1',0.1357,'1-1',0.1353,'0-0',0.1333
2024-03-09,Wolverhampton Wanderers,Fulham,1.378000020980835,1.2740000486373901,0.3782,0.2848,0.337,'1-1',0.1238,'1-0',0.0972,'0-1',0.0898
2024-03-09,Arsenal,Brentford,2.135999917984009,1.0889999866485596,0.5519,0.2465,0.2016,'2-1',0.0988,'1-1',0.0925,'2-0',0.0907
2024-03-10,Aston Villa,Tottenham Hotspur,0.014000000432133675,3.0,0.0011,0.0791,0.9198,'0-2',0.2209,'0-3',0.2209,'0-1',0.1472
2024-03-10,Brighton & Hove Albion,Nottingham Forest,0.7649999856948853,0.00800000037997961,0.5283,0.4682,0.0036,'0-0',0.4618,'1-0',0.3533,'2-0',0.1351
2024-03-10,West Ham United,Burnley,1.5379999876022339,1.9140000343322754,0.3073,0.2664,0.4263,'1-1',0.0933,'1-2',0.0892,'2-1',0.0717
2024-03-10,Liverpool,Manchester City,1.062999963760376,1.0700000524520874,0.343,0.3107,0.3463,'1-1',0.1348,'0-1',0.1268,'1-0',0.1259
2024-03-11,Chelsea,Newcastle United,2.9590001106262207,1.6770000457763672,0.5244,0.2517,0.2239,'2-1',0.0712,'3-1',0.0702,'2-2',0.0597
2024-03-13,AFC Bournemouth,Luton Town,3.0,2.9749999046325684,0.353,0.2983,0.3487,'2-2',0.0506,'3-2',0.0506,'2-3',0.0502
2024-03-16,Burnley,Brentford,1.1069999933242798,0.9779999852180481,0.3735,0.3134,0.3131,'1-0',0.1377,'1-1',0.1346,'0-0',0.1244
2024-03-16,Luton Town,Nottingham Forest,2.2990000247955322,1.1990000009536743,0.549,0.2443,0.2067,'2-1',0.0959,'1-1',0.0834,'2-0',0.0799
2024-03-16,Fulham,Tottenham Hotspur,2.510999917984009,0.00800000037997961,0.8905,0.1087,0.0008,'2-0',0.254,'3-0',0.2126,'1-0',0.2023
2024-03-17,West Ham United,Aston Villa,1.0299999713897705,1.0740000009536743,0.3334,0.3126,0.354,'1-1',0.1349,'0-1',0.131,'1-0',0.1256
2024-03-30,Newcastle United,West Ham United,3.0,2.3340001106262207,0.4258,0.2803,0.2939,'2-2',0.0591,'3-2',0.0591,'2-1',0.0507
2024-03-30,AFC Bournemouth,Everton,1.1759999990463257,1.1150000095367432,0.363,0.301,0.336,'1-1',0.1327,'1-0',0.119,'0-1',0.1128
2024-03-30,Chelsea,Burnley,2.434000015258789,2.0420000553131104,0.4126,0.2701,0.3173,'2-2',0.0703,'2-1',0.0688,'1-2',0.0577
2024-03-30,Nottingham Forest,Crystal Palace,1.1890000104904175,0.9710000157356262,0.3961,0.307,0.2968,'1-0',0.1371,'1-1',0.1332,'0-0',0.1153
2024-03-30,Sheffield United,Fulham,2.759999990463257,2.2950000762939453,0.4103,0.2777,0.312,'2-2',0.064,'3-2',0.0589,'2-1',0.0557
2024-03-30,Tottenham Hotspur,Luton Town,1.1979999542236328,0.9589999914169312,0.4013,0.3069,0.2918,'1-0',0.1386,'1-1',0.1329,'0-0',0.1157
2024-03-30,Aston Villa,Wolverhampton Wanderers,2.1419999599456787,0.029999999329447746,0.8496,0.1461,0.0043,'2-0',0.2615,'1-0',0.2442,'3-0',0.1867
2024-03-30,Brentford,Manchester United,1.2380000352859497,1.3990000486373901,0.3255,0.2848,0.3897,'1-1',0.124,'0-1',0.1001,'1-0',0.0886
2024-03-31,Liverpool,Brighton & Hove Albion,2.4670000076293945,0.7940000295639038,0.6683,0.2088,0.1229,'2-0',0.1167,'3-0',0.096,'1-0',0.0946
2024-03-31,Manchester City,Arsenal,0.009999999776482582,0.00800000037997961,0.0095,0.983,0.0075,'0-0',0.9829,'1-0',0.0094,'0-1',0.0075
2024-04-02,Nottingham Forest,Fulham,2.8540000915527344,1.1970000267028809,0.6116,0.2236,0.1648,'2-1',0.0849,'3-1',0.0807,'2-0',0.0709
2024-04-02,Newcastle United,Everton,1.5950000286102295,1.1299999952316284,0.452,0.2763,0.2718,'1-1',0.1181,'1-0',0.1046,'2-1',0.0942
2024-04-02,AFC Bournemouth,Crystal Palace,1.1139999628067017,0.00800000037997961,0.66,0.3375,0.0026,'1-0',0.3629,'0-0',0.3257,'2-0',0.2022
2024-04-02,Burnley,Wolverhampton Wanderers,1.1929999589920044,1.1410000324249268,0.3618,0.2988,0.3394,'1-1',0.1319,'1-0',0.1156,'0-1',0.1106
2024-04-02,West Ham United,Tottenham Hotspur,1.2009999752044678,0.9610000252723694,0.4015,0.3065,0.292,'1-0',0.1382,'1-1',0.1328,'0-0',0.1151
2024-04-03,Arsenal,Luton Town,1.7120000123977661,0.00800000037997961,0.798,0.2005,0.0015,'1-0',0.3066,'2-0',0.2625,'0-0',0.1791
2024-04-03,Brentford,Brighton & Hove Albion,0.014000000432133675,0.00800000037997961,0.014,0.9785,0.0075,'0-0',0.9784,'1-0',0.0139,'0-1',0.0074
2024-04-03,Manchester City,Aston Villa,3.0,1.0670000314712524,0.6548,0.2079,0.1372,'2-1',0.0822,'3-1',0.0822,'2-0',0.0771
2024-04-04,Liverpool,Sheffield United,2.677000045776367,0.2029999941587448,0.851,0.1265,0.0225,'2-0',0.2012,'3-0',0.1796,'1-0',0.1503
2024-04-06,Crystal Palace,Manchester City,1.625,3.0,0.2143,0.2481,0.5375,'1-2',0.0717,'1-3',0.0717,'2-2',0.0582
2024-04-06,Aston Villa,Brentford,2.502000093460083,2.631999969482422,0.3459,0.2814,0.3727,'2-2',0.0639,'2-3',0.056,'3-2',0.0533
2024-04-06,Everton,Burnley,0.9950000047683716,0.00800000037997961,0.6202,0.3769,0.0029,'0-0',0.3671,'1-0',0.3651,'2-0',0.1815
2024-04-06,Fulham,Newcastle United,0.029999999329447746,1.1790000200271606,0.0094,0.3192,0.6713,'0-1',0.352,'0-0',0.2985,'0-2',0.2076
2024-04-06,Luton Town,AFC Bournemouth,1.6749999523162842,1.0219999551773071,0.4915,0.2708,0.2377,'1-1',0.1154,'1-0',0.1129,'2-1',0.0966
2024-04-06,Wolverhampton Wanderers,West Ham United,1.13100004196167,1.9869999885559082,0.2244,0.2556,0.52,'1-1',0.0994,'1-2',0.0988,'0-1',0.0879
2024-04-06,Brighton & Hove Albion,Arsenal,0.014000000432133675,2.805000066757202,0.0013,0.0899,0.9089,'0-2',0.2347,'0-3',0.2194,'0-1',0.1674
2024-04-07,Sheffield United,Chelsea,2.4179999828338623,1.8980000019073486,0.4325,0.2666,0.3009,'2-1',0.0741,'2-2',0.0703,'1-1',0.0613
2024-04-07,Tottenham Hotspur,Nottingham Forest,1.8910000324249268,1.0379999876022339,0.5261,0.2578,0.2161,'1-1',0.1049,'1-0',0.1011,'2-1',0.0992
2024-04-13,Newcastle United,Tottenham Hotspur,3.0,0.00800000037997961,0.9213,0.0781,0.0006,'2-0',0.2223,'3-0',0.2223,'1-0',0.1482
2024-04-13,Brentford,Sheffield United,1.8940000534057617,1.4210000038146973,0.445,0.2657,0.2893,'1-1',0.0978,'2-1',0.0926,'1-2',0.0695
2024-04-13,Burnley,Brighton & Hove Albion,3.0,1.2139999866485596,0.6213,0.2202,0.1585,'2-1',0.0808,'3-1',0.0808,'2-0',0.0665
2024-04-13,Nottingham Forest,Wolverhampton Wanderers,1.2029999494552612,0.00800000037997961,0.6862,0.3114,0.0024,'1-0',0.3585,'0-0',0.2981,'2-0',0.2156
2024-04-14,Liverpool,Crystal Palace,0.007000000216066837,0.9449999928474426,0.0026,0.3947,0.6026,'0-0',0.3861,'0-1',0.3649,'0-2',0.1724
2024-04-14,West Ham United,Fulham,0.014000000432133675,1.4290000200271606,0.0036,0.2555,0.7408,'0-1',0.3375,'0-2',0.2411,'0-0',0.2361
2024-04-14,Arsenal,Aston Villa,0.2460000067949295,1.6069999933242798,0.057,0.2447,0.6983,'0-1',0.252,'0-2',0.2024,'0-0',0.1569
2024-04-15,Chelsea,Everton,3.0,0.00800000037997961,0.9213,0.0781,0.0006,'2-0',0.2223,'3-0',0.2223,'1-0',0.1482
2024-04-20,Luton Town,Brentford,1.0509999990463257,3.0,0.135,0.2066,0.6585,'1-2',0.0823,'1-3',0.0823,'0-2',0.0783
2024-04-20,Wolverhampton Wanderers,Arsenal,0.014000000432133675,2.055999994277954,0.0022,0.1533,0.8445,'0-2',0.2666,'0-1',0.2593,'0-3',0.1828
2024-04-21,Everton,Nottingham Forest,1.4950000047683716,0.00800000037997961,0.7575,0.2407,0.0018,'1-0',0.3327,'2-0',0.2487,'0-0',0.2225
2024-04-21,Crystal Palace,West Ham United,3.0,1.0700000524520874,0.6541,0.2082,0.1377,'2-1',0.0822,'3-1',0.0822,'2-0',0.0768
2024-04-21,Fulham,Liverpool,1.281000018119812,2.3610000610351562,0.215,0.2458,0.5392,'1-2',0.0935,'1-1',0.0792,'1-3',0.0736
2024-04-24,Wolverhampton Wanderers,AFC Bournemouth,0.014000000432133675,0.9110000133514404,0.0058,0.4074,0.5868,'0-0',0.3965,'0-1',0.3611,'0-2',0.1645
2024-04-24,Crystal Palace,Newcastle United,1.937999963760376,0.00800000037997961,0.8317,0.167,0.0013,'1-0',0.2769,'2-0',0.2684,'3-0',0.1734
2024-04-24,Everton,Liverpool,1.6449999809265137,0.02500000037252903,0.7804,0.2143,0.0053,'1-0',0.3096,'2-0',0.2547,'0-0',0.1881
2024-04-24,Manchester United,Sheffield United,3.0,1.6549999713897705,0.532,0.2499,0.2181,'2-1',0.0709,'3-1',0.0709,'2-2',0.0586
2024-04-27,West Ham United,Liverpool,2.377000093460083,1.215999960899353,0.5552,0.242,0.2028,'2-1',0.0945,'1-1',0.0795,'2-0',0.0777
2024-04-27,Manchester United,Burnley,1.8450000286102295,1.1690000295639038,0.4885,0.2636,0.2479,'1-1',0.1059,'2-1',0.0977,'1-0',0.0906
2024-04-27,Wolverhampton Wanderers,Luton Town,1.0479999780654907,1.1579999923706055,0.3223,0.3056,0.3721,'1-1',0.1337,'0-1',0.1276,'1-0',0.1154
2024-04-27,Newcastle United,Sheffield United,1.1050000190734863,1.406000018119812,0.2943,0.2875,0.4182,'1-1',0.1261,'0-1',0.1141,'1-0',0.0897
2024-04-27,Everton,Brentford,1.1490000486373901,0.00800000037997961,0.6706,0.3269,0.0025,'1-0',0.3614,'0-0',0.3145,'2-0',0.2077
2024-04-27,Aston Villa,Chelsea,1.434999942779541,2.2990000247955322,0.2462,0.2543,0.4995,'1-2',0.0906,'1-1',0.0788,'1-3',0.0694
2024-04-28,AFC Bournemouth,Brighton & Hove Albion,2.618000030517578,0.00800000037997961,0.8984,0.1009,0.0008,'2-0',0.2481,'3-0',0.2165,'1-0',0.1895
2024-04-28,Nottingham Forest,Manchester City,0.009999999776482582,2.128999948501587,0.0014,0.1444,0.8542,'0-2',0.267,'0-1',0.2508,'0-3',0.1894
2024-05-03,Luton Town,Everton,1.093999981880188,1.215999960899353,0.3233,0.2996,0.3771,'1-1',0.132,'0-1',0.1208,'1-0',0.1086
2024-05-04,Arsenal,AFC Bournemouth,3.0,0.00800000037997961,0.9213,0.0781,0.0006,'2-0',0.2223,'3-0',0.2223,'1-0',0.1482
2024-05-04,Sheffield United,Nottingham Forest,0.014000000432133675,0.00800000037997961,0.014,0.9785,0.0075,'0-0',0.9784,'1-0',0.0139,'0-1',0.0074
2024-05-04,Brentford,Fulham,0.996999979019165,3.0,0.127,0.2017,0.6713,'0-2',0.0826,'0-3',0.0826,'1-2',0.0824
2024-05-04,Manchester City,Wolverhampton Wanderers,3.0,0.9890000224113464,0.6733,0.2009,0.1258,'2-0',0.0833,'3-0',0.0833,'2-1',0.0824
2024-05-05,Brighton & Hove Albion,Aston Villa,1.1299999952316284,0.00800000037997961,0.6649,0.3326,0.0025,'1-0',0.3623,'0-0',0.3205,'2-0',0.2047
2024-05-05,Chelsea,West Ham United,3.0,0.00800000037997961,0.9213,0.0781,0.0006,'2-0',0.2223,'3-0',0.2223,'1-0',0.1482
2024-05-05,Liverpool,Tottenham Hotspur,3.0,2.2909998893737793,0.4316,0.2788,0.2897,'2-2',0.0595,'3-2',0.0595,'2-1',0.0519
2024-05-06,Crystal Palace,Manchester United,3.0,0.00800000037997961,0.9213,0.0781,0.0006,'2-0',0.2223,'3-0',0.2223,'1-0',0.1482
2024-05-11,Fulham,Manchester City,0.014000000432133675,3.0,0.0011,0.0791,0.9198,'0-2',0.2209,'0-3',0.2209,'0-1',0.1472
2024-05-11,West Ham United,Luton Town,1.1690000295639038,1.1239999532699585,0.3595,0.3009,0.3395,'1-1',0.1327,'1-0',0.118,'0-1',0.1134
2024-05-11,Tottenham Hotspur,Burnley,1.4839999675750732,2.7690000534057617,0.2125,0.2447,0.5427,'1-2',0.0809,'1-3',0.0747,'2-2',0.06
2024-05-11,AFC Bournemouth,Brentford,2.365000009536743,1.0499999523162842,0.5916,0.2332,0.1752,'2-1',0.0965,'2-0',0.0919,'1-1',0.0816
2024-05-11,Wolverhampton Wanderers,Crystal Palace,1.0920000076293945,0.00800000037997961,0.653,0.3444,0.0026,'1-0',0.3636,'0-0',0.333,'2-0',0.1986
2024-05-11,Newcastle United,Brighton & Hove Albion,1.0119999647140503,2.430000066757202,0.1636,0.2275,0.6089,'1-2',0.0956,'0-2',0.0945,'1-1',0.0787
2024-05-11,Everton,Sheffield United,1.9980000257492065,1.0130000114440918,0.5494,0.2506,0.2,'1-1',0.0996,'2-1',0.0996,'1-0',0.0984
2024-05-11,Nottingham Forest,Chelsea,1.5880000591278076,2.9030001163482666,0.2165,0.2477,0.5357,'1-2',0.075,'1-3',0.0726,'2-2',0.0595
2024-05-12,Manchester United,Arsenal,0.014000000432133675,0.9639999866485596,0.0055,0.3878,0.6066,'0-0',0.3761,'0-1',0.3624,'0-2',0.1746
2024-05-14,Tottenham Hotspur,Manchester City,0.014000000432133675,2.0290000438690186,0.0022,0.1566,0.8412,'0-2',0.2668,'0-1',0.263,'0-3',0.1804
2024-05-15,Brighton & Hove Albion,Chelsea,1.0959999561309814,1.690000057220459,0.252,0.2708,0.4773,'1-1',0.1142,'0-1',0.1042,'1-2',0.0965
2024-05-15,Manchester United,Newcastle United,2.9639999866485596,1.9299999475479126,0.4816,0.2643,0.2541,'2-1',0.0635,'3-1',0.0627,'2-2',0.0613
2024-05-19,Brentford,Newcastle United,0.014000000432133675,2.624000072479248,0.0014,0.1015,0.8971,'0-2',0.2461,'0-3',0.2153,'0-1',0.1876
2024-05-19,Burnley,Nottingham Forest,2.128000020980835,0.00800000037997961,0.8548,0.1441,0.0011,'2-0',0.2676,'1-0',0.2514,'3-0',0.1898
2024-05-19,Arsenal,Everton,2.072999954223633,2.885999917984009,0.2767,0.2706,0.4527,'2-2',0.0628,'1-2',0.0606,'2-3',0.0604
2024-05-19,Luton Town,Fulham,1.0410000085830688,1.9119999408721924,0.2145,0.2567,0.5288,'1-1',0.1039,'0-1',0.0998,'1-2',0.0993
2024-05-19,Sheffield United,Tottenham Hotspur,1.902999997138977,1.1549999713897705,0.5011,0.2605,0.2385,'1-1',0.1033,'2-1',0.0982,'1-0',0.0894
2024-05-19,Liverpool,Wolverhampton Wanderers,1.8339999914169312,3.0,0.2401,0.2594,0.5005,'1-2',0.0656,'1-3',0.0656,'2-2',0.0602
2024-08-17,Ipswich Town,Liverpool,0.014000000432133675,2.447999954223633,0.0016,0.1148,0.8836,'0-2',0.2554,'0-1',0.2086,'0-3',0.2084
2024-08-17,Arsenal,Wolverhampton Wanderers,2.2230000495910645,0.00800000037997961,0.8648,0.1342,0.001,'2-0',0.2655,'1-0',0.2389,'3-0',0.1967
2024-08-17,Everton,Brighton & Hove Albion,0.014000000432133675,2.677000045776367,0.0014,0.0979,0.9007,'0-2',0.2429,'0-3',0.2168,'0-1',0.1815
2024-08-17,Newcastle United,Southampton,1.2580000162124634,0.00800000037997961,0.7014,0.2964,0.0023,'1-0',0.3549,'0-0',0.2821,'2-0',0.2232
2024-08-17,Nottingham Forest,AFC Bournemouth,1.0290000438690186,1.059000015258789,0.336,0.3138,0.3502,'1-1',0.1351,'0-1',0.1313,'1-0',0.1275
2024-08-17,West Ham United,Aston Villa,1.0119999647140503,2.0390000343322754,0.1961,0.2483,0.5556,'1-2',0.0995,'0-2',0.0983,'1-1',0.0976
2024-08-18,Brentford,Crystal Palace,2.2039999961853027,0.2029999941587448,0.8045,0.165,0.0304,'2-0',0.2189,'1-0',0.1986,'3-0',0.1608
2024-08-18,Chelsea,Manchester City,0.014000000432133675,1.88100004196167,0.0025,0.1758,0.8217,'0-1',0.2827,'0-2',0.2659,'0-3',0.1667
2024-08-19,Leicester City,Tottenham Hotspur,1.031999945640564,1.2309999465942383,0.3051,0.3012,0.3937,'1-1',0.1322,'0-1',0.1281,'1-0',0.1073
2024-08-24,Crystal Palace,West Ham United,0.009999999776482582,1.3669999837875366,0.0026,0.2692,0.7282,'0-1',0.3451,'0-0',0.2524,'0-2',0.2359
2024-08-24,Fulham,Leicester City,1.9570000171661377,1.2009999752044678,0.4996,0.2591,0.2412,'1-1',0.0999,'2-1',0.0978,'1-0',0.0832
2024-08-24,Southampton,Nottingham Forest,0.014000000432133675,1.0889999866485596,0.0049,0.3457,0.6494,'0-1',0.3613,'0-0',0.3319,'0-2',0.1967
2024-08-24,Aston Villa,Arsenal,0.02500000037252903,1.9759999513626099,0.0041,0.1648,0.831,'0-1',0.2671,'0-2',0.2639,'0-3',0.1738
2024-08-25,AFC Bournemouth,Newcastle United,0.9589999914169312,1.2020000219345093,0.2911,0.3065,0.4024,'0-1',0.1385,'1-1',0.1328,'0-0',0.1152
2024-08-25,Wolverhampton Wanderers,Chelsea,1.8890000581741333,3.0,0.2465,0.2621,0.4914,'1-2',0.064,'1-3',0.064,'2-2',0.0604
2024-08-25,Liverpool,Brentford,1.8940000534057617,0.00800000037997961,0.8257,0.173,0.0013,'1-0',0.2829,'2-0',0.2678,'3-0',0.1691
2024-08-31,Arsenal,Brighton & Hove Albion,1.805999994277954,1.0089999437332153,0.5184,0.2622,0.2194,'1-1',0.1091,'1-0',0.1081,'2-1',0.0986
2024-08-31,Ipswich Town,Fulham,1.0260000228881836,0.8650000095367432,0.3761,0.328,0.2959,'1-0',0.1549,'0-0',0.1509,'1-1',0.1339
2024-08-31,Everton,AFC Bournemouth,1.0010000467300415,1.9359999895095825,0.2039,0.2539,0.5423,'1-1',0.1028,'0-1',0.1027,'1-2',0.0995
2024-08-31,Nottingham Forest,Wolverhampton Wanderers,3.0,1.1510000228881836,0.6355,0.2151,0.1494,'2-1',0.0816,'3-1',0.0816,'2-0',0.0709
2024-08-31,Leicester City,Aston Villa,1.7269999980926514,2.7309999465942383,0.2486,0.2575,0.4939,'1-2',0.0746,'1-3',0.0679,'2-2',0.0644
2024-08-31,Brentford,Southampton,0.9760000109672546,0.9860000014305115,0.3359,0.3234,0.3407,'0-0',0.1406,'0-1',0.1386,'1-0',0.1372
2024-08-31,West Ham United,Manchester City,0.7039999961853027,2.7890000343322754,0.092,0.1823,0.7257,'0-2',0.1183,'0-3',0.1099,'0-1',0.0848
2024-09-01,Chelsea,Crystal Palace,1.1929999589920044,1.055999994277954,0.3791,0.3028,0.3181,'1-1',0.1329,'1-0',0.1259,'0-1',0.1114
2024-09-01,Newcastle United,Tottenham Hotspur,2.263000011444092,0.23399999737739563,0.802,0.1637,0.0343,'2-0',0.2107,'1-0',0.1862,'3-0',0.159
2024-09-01,Manchester United,Liverpool,0.014000000432133675,3.0,0.0011,0.0791,0.9198,'0-2',0.2209,'0-3',0.2209,'0-1',0.1472
2024-09-14,Crystal Palace,Leicester City,1.534999966621399,1.4129999876022339,0.3839,0.2763,0.3398,'1-1',0.1137,'2-1',0.0873,'1-0',0.0805
2024-09-14,Brighton & Hove Albion,Ipswich Town,0.007000000216066837,1.0670000314712524,0.0023,0.3525,0.6452,'0-1',0.3647,'0-0',0.3418,'0-2',0.1945
2024-09-14,Fulham,West Ham United,0.9710000157356262,1.0720000267028809,0.3178,0.3166,0.3656,'0-1',0.1389,'1-1',0.1349,'0-0',0.1296
2024-09-14,Manchester City,Brentford,0.328000009059906,0.00800000037997961,0.2774,0.7172,0.0055,'0-0',0.7151,'1-0',0.2344,'2-0',0.0384
2024-09-14,Liverpool,Nottingham Forest,1.9249999523162842,2.046999931335449,0.349,0.2683,0.3827,'1-2',0.076,'1-1',0.0742,'2-2',0.0731
2024-09-14,Aston Villa,Everton,3.0,2.009000062942505,0.4723,0.2676,0.2601,'2-2',0.0606,'3-2',0.0606,'2-1',0.0604
2024-09-14,AFC Bournemouth,Chelsea,0.38999998569488525,1.1019999980926514,0.1333,0.3415,0.5252,'0-1',0.2478,'0-0',0.2248,'0-2',0.1366
2024-09-15,Tottenham Hotspur,Arsenal,0.007000000216066837,1.3250000476837158,0.0019,0.2791,0.719,'0-1',0.3499,'0-0',0.264,'0-2',0.2318
2024-09-15,Wolverhampton Wanderers,Newcastle United,1.062999963760376,2.078000068664551,0.2023,0.2484,0.5493,'1-2',0.0992,'1-1',0.0955,'0-2',0.0933
2024-09-21,West Ham United,Chelsea,-0.0010000000474974513,2.757999897003174,,,,'0-0',,'0-1',,'0-2',
2024-09-21,Aston Villa,Wolverhampton Wanderers,2.8429999351501465,1.0369999408721924,0.6473,0.2113,0.1413,'2-1',0.0866,'2-0',0.0835,'3-1',0.082
2024-09-21,Liverpool,AFC Bournemouth,0.7039999961853027,1.0130000114440918,0.2488,0.3411,0.4101,'0-1',0.182,'0-0',0.1797,'1-1',0.1281
2024-09-21,Tottenham Hotspur,Brentford,2.7219998836517334,1.0850000381469727,0.6241,0.2199,0.1559,'2-1',0.0893,'2-0',0.0823,'3-1',0.081
2024-09-21,Southampton,Ipswich Town,2.4079999923706055,0.7630000114440918,0.6694,0.2097,0.1209,'2-0',0.1217,'1-0',0.101,'3-0',0.0977
2024-09-21,Crystal Palace,Manchester United,0.014000000432133675,0.2639999985694885,0.0109,0.76,0.2291,'0-0',0.757,'0-1',0.1999,'0-2',0.0264
2024-09-22,Brighton & Hove Albion,Nottingham Forest,2.299999952316284,1.8480000495910645,0.4266,0.2662,0.3072,'2-1',0.0772,'2-2',0.0713,'1-1',0.0672
2024-09-22,Manchester City,Arsenal,1.6770000457763672,1.7170000076293945,0.3587,0.2698,0.3715,'1-1',0.0967,'1-2',0.083,'2-1',0.0811
2024-09-28,Newcastle United,Manchester City,1.0859999656677246,1.1540000438690186,0.3328,0.3039,0.3633,'1-1',0.1334,'0-1',0.1229,'1-0',0.1156
2024-09-28,Arsenal,Leicester City,1.7419999837875366,1.2580000162124634,0.452,0.2695,0.2785,'1-1',0.1091,'2-1',0.095,'1-0',0.0868
2024-09-28,Nottingham Forest,Fulham,3.0,1.8559999465942383,0.4968,0.2605,0.2427,'2-1',0.065,'3-1',0.065,'2-2',0.0603
2024-09-28,Brentford,West Ham United,0.014000000432133675,1.062000036239624,0.005,0.3543,0.6406,'0-1',0.362,'0-0',0.341,'0-2',0.1922
2024-09-28,Chelsea,Brighton & Hove Albion,1.1050000190734863,1.0089999437332153,0.3666,0.3116,0.3218,'1-1',0.1346,'1-0',0.1335,'0-1',0.1218
2024-09-28,Wolverhampton Wanderers,Liverpool,1.1699999570846558,2.197000026702881,0.2108,0.2472,0.542,'1-2',0.0974,'1-1',0.0887,'0-2',0.0833
2024-09-29,Ipswich Town,Aston Villa,2.066999912261963,1.6579999923706055,0.4277,0.2651,0.3071,'2-1',0.0854,'1-1',0.0827,'2-2',0.0708
2024-09-29,Manchester United,Tottenham Hotspur,0.014000000432133675,2.8480000495910645,0.0012,0.0873,0.9115,'0-2',0.2317,'0-3',0.22,'0-1',0.1627
2024-09-30,AFC Bournemouth,Southampton,2.743000030517578,0.9959999918937683,0.6474,0.212,0.1406,'2-0',0.0894,'2-1',0.0891,'3-0',0.0818
2024-10-05,Crystal Palace,Liverpool,0.014000000432133675,0.9890000224113464,0.0054,0.3788,0.6158,'0-0',0.3666,'0-1',0.3627,'0-2',0.1794
2024-10-05,Leicester City,AFC Bournemouth,2.9230000972747803,2.2330000400543213,0.4331,0.2764,0.2905,'2-2',0.0614,'3-2',0.0598,'2-1',0.055
2024-10-05,Arsenal,Southampton,3.0,2.9830000400543213,0.3523,0.2984,0.3493,'2-2',0.0505,'3-2',0.0505,'2-3',0.0502
2024-10-05,Brentford,Wolverhampton Wanderers,0.9290000200271606,0.00800000037997961,0.5962,0.4007,0.003,'0-0',0.392,'1-0',0.3641,'2-0',0.1691
2024-10-05,West Ham United,Ipswich Town,3.0,0.6520000100135803,0.7578,0.1659,0.0763,'2-0',0.1167,'3-0',0.1167,'1-0',0.0778
2024-10-05,Everton,Newcastle United,0.014000000432133675,0.00800000037997961,0.014,0.9785,0.0075,'0-0',0.9784,'1-0',0.0139,'0-1',0.0074
2024-10-06,Aston Villa,Manchester United,0.014000000432133675,0.00800000037997961,0.014,0.9785,0.0075,'0-0',0.9784,'1-0',0.0139,'0-1',0.0074
2024-10-06,Chelsea,Nottingham Forest,1.090999960899353,1.1480000019073486,0.3352,0.304,0.3608,'1-1',0.1335,'0-1',0.1224,'1-0',0.1163
2024-10-19,Tottenham Hotspur,West Ham United,2.8399999141693115,0.9580000042915344,0.6663,0.2045,0.1292,'2-0',0.0904,'2-1',0.0866,'3-0',0.0856
2024-10-19,Fulham,Aston Villa,1.0199999809265137,1.8550000190734863,0.2163,0.2594,0.5243,'1-1',0.1067,'0-1',0.1047,'1-2',0.099
2024-10-19,Manchester United,Brentford,1.9049999713897705,1.2009999752044678,0.4915,0.2615,0.2471,'1-1',0.1025,'2-1',0.0976,'1-0',0.0853
2024-10-19,Newcastle United,Brighton & Hove Albion,0.0020000000949949026,1.371999979019165,0.0005,0.2672,0.7323,'0-1',0.3472,'0-0',0.253,'0-2',0.2383
2024-10-19,Southampton,Leicester City,2.243000030517578,2.7929999828338623,0.3034,0.2763,0.4203,'2-2',0.0638,'2-3',0.0594,'1-2',0.0569
2024-10-19,AFC Bournemouth,Arsenal,1.7350000143051147,0.00800000037997961,0.8018,0.1967,0.0015,'1-0',0.3037,'2-0',0.2635,'0-0',0.175
2024-10-20,Liverpool,Chelsea,2.1600000858306885,1.0460000038146973,0.5653,0.2432,0.1915,'2-1',0.0989,'2-0',0.0945,'1-1',0.0916
2024-10-21,Nottingham Forest,Crystal Palace,1.1460000276565552,0.00800000037997961,0.6698,0.3277,0.0025,'1-0',0.3615,'0-0',0.3154,'2-0',0.2072
2024-10-25,Leicester City,Nottingham Forest,1.0010000467300415,2.5199999809265137,0.1553,0.2224,0.6222,'1-2',0.094,'0-2',0.0939,'1-3',0.079
2024-10-26,Aston Villa,AFC Bournemouth,1.2510000467300415,1.0260000228881836,0.3998,0.3,0.3002,'1-1',0.1317,'1-0',0.1284,'0-1',0.1052
2024-10-26,Brentford,Ipswich Town,3.0,2.513000011444092,0.4032,0.2861,0.3107,'2-2',0.0573,'3-2',0.0573,'2-3',0.048
2024-10-26,Brighton & Hove Albion,Wolverhampton Wanderers,2.015000104904175,2.0889999866485596,0.3556,0.2691,0.3753,'2-2',0.0731,'1-2',0.0726,'2-1',0.07
2024-10-26,Manchester City,Southampton,1.628999948501587,0.00800000037997961,0.7835,0.2149,0.0016,'1-0',0.3171,'2-0',0.2583,'0-0',0.1946
2024-10-26,Everton,Fulham,1.0759999752044678,1.0529999732971191,0.3498,0.311,0.3392,'1-1',0.1348,'1-0',0.128,'0-1',0.1253
2024-10-27,Chelsea,Newcastle United,1.5809999704360962,0.9829999804496765,0.4825,0.2769,0.2406,'1-0',0.1218,'1-1',0.1197,'2-0',0.0963
2024-10-27,Crystal Palace,Tottenham Hotspur,1.0859999656677246,0.00800000037997961,0.6509,0.3464,0.0026,'1-0',0.3638,'0-0',0.3351,'2-0',0.1975
2024-10-27,West Ham United,Manchester United,1.4809999465942383,1.1799999475479126,0.4184,0.282,0.2996,'1-1',0.1221,'1-0',0.1035,'2-1',0.0904
2024-10-27,Arsenal,Liverpool,2.2279999256134033,2.2200000286102295,0.3649,0.272,0.3631,'2-2',0.0716,'2-1',0.0645,'1-2',0.0643
2024-11-02,Newcastle United,Arsenal,1.059999942779541,0.00800000037997961,0.6427,0.3546,0.0027,'1-0',0.3645,'0-0',0.3437,'2-0',0.1932
2024-11-02,AFC Bournemouth,Manchester City,1.9420000314712524,1.2769999504089355,0.4812,0.2615,0.2572,'1-1',0.0992,'2-1',0.0963,'1-0',0.0776
2024-11-02,Ipswich Town,Leicester City,1.159999966621399,1.031999945640564,0.3759,0.3063,0.3178,'1-1',0.1337,'1-0',0.1295,'0-1',0.1152
2024-11-02,Nottingham Forest,West Ham United,2.555000066757202,0.00800000037997961,0.8938,0.1054,0.0008,'2-0',0.2517,'3-0',0.2143,'1-0',0.197
2024-11-02,Southampton,Everton,0.9330000281333923,0.00800000037997961,0.5976,0.3993,0.003,'0-0',0.3905,'1-0',0.3642,'2-0',0.1699
2024-11-02,Wolverhampton Wanderers,Crystal Palace,2.1670000553131104,1.7130000591278076,0.4318,0.2647,0.3035,'2-1',0.0831,'1-1',0.0767,'2-2',0.0711
2024-11-03,Tottenham Hotspur,Aston Villa,3.0,0.9459999799728394,0.6838,0.1968,0.1194,'2-0',0.087,'3-0',0.087,'2-1',0.0823
2024-11-03,Manchester United,Chelsea,1.159999966621399,1.2929999828338623,0.3261,0.2925,0.3815,'1-1',0.129,'0-1',0.1112,'1-0',0.0998
2024-11-04,Fulham,Brentford,1.8140000104904175,1.0169999599456787,0.5179,0.2619,0.2202,'1-1',0.1087,'1-0',0.1069,'2-1',0.0986
2024-11-09,Brentford,AFC Bournemouth,1.6749999523162842,0.00800000037997961,0.7917,0.2067,0.0016,'1-0',0.3113,'2-0',0.2608,'0-0',0.1858
2024-11-09,Crystal Palace,Fulham,0.02199999988079071,0.00800000037997961,0.0217,0.9709,0.0074,'0-0',0.9708,'1-0',0.0214,'0-1',0.0074
2024-11-09,West Ham United,Everton,0.029999999329447746,1.534000039100647,0.0069,0.2354,0.7576,'0-1',0.3211,'0-2',0.2464,'0-0',0.2093
2024-11-09,Wolverhampton Wanderers,Southampton,2.6530001163482666,1.8209999799728394,0.4701,0.2623,0.2676,'2-1',0.0731,'2-2',0.0665,'3-1',0.0646
2024-11-09,Brighton & Hove Albion,Manchester City,2.005000114440918,2.628000020980835,0.2927,0.2688,0.4385,'2-2',0.0675,'1-2',0.0673,'2-3',0.0591
2024-11-10,Nottingham Forest,Newcastle United,1.1759999990463257,2.950000047683716,0.1559,0.2188,0.6253,'1-2',0.0826,'1-3',0.0813,'0-2',0.0703
2024-11-10,Chelsea,Arsenal,1.159999966621399,1.1339999437332153,0.3554,0.301,0.3436,'1-1',0.1327,'1-0',0.117,'0-1',0.1143
2024-11-23,Leicester City,Chelsea,0.9570000171661377,1.9639999866485596,0.1921,0.2504,0.5575,'0-1',0.1058,'0-2',0.1039,'1-1',0.1013
2024-11-23,Arsenal,Nottingham Forest,-0.006000000052154064,0.00800000037997961,,,,'0-0',,'0-1',,'0-2',
2024-11-23,Fulham,Wolverhampton Wanderers,1.003000020980835,1.5549999475479126,0.2488,0.2788,0.4724,'1-1',0.1208,'0-1',0.1205,'1-2',0.0939
2024-11-23,Everton,Brentford,2.8420000076293945,0.00800000037997961,0.9127,0.0866,0.0007,'2-0',0.2337,'3-0',0.2214,'1-0',0.1644
2024-11-23,AFC Bournemouth,Brighton & Hove Albion,2.499000072479248,2.2909998893737793,0.3856,0.2756,0.3388,'2-2',0.0681,'2-1',0.0595,'3-2',0.0567
2024-11-23,Manchester City,Tottenham Hotspur,0.004999999888241291,3.0,0.0004,0.0777,0.9219,'0-2',0.2229,'0-3',0.2229,'0-1',0.1486
2024-11-24,Southampton,Liverpool,1.6619999408721924,2.6640000343322754,0.2457,0.2557,0.4986,'1-2',0.078,'1-3',0.0692,'2-2',0.0648
2024-11-24,Ipswich Town,Manchester United,1.0490000247955322,0.9990000128746033,0.3536,0.3166,0.3298,'1-0',0.1354,'1-1',0.1352,'0-0',0.1291
2024-11-25,Newcastle United,West Ham United,0.014000000432133675,1.930999994277954,0.0024,0.1691,0.8286,'0-1',0.2761,'0-2',0.2665,'0-3',0.1715
2024-11-30,Crystal Palace,Newcastle United,2.053999900817871,3.0,0.2651,0.2696,0.4654,'2-2',0.0606,'2-3',0.0606,'1-2',0.059
2024-11-30,Wolverhampton Wanderers,AFC Bournemouth,3.0,0.9639999866485596,0.6793,0.1986,0.1221,'2-0',0.0854,'3-0',0.0854,'2-1',0.0824
2024-11-30,Nottingham Forest,Ipswich Town,0.906000018119812,0.2029999941587448,0.519,0.399,0.082,'0-0',0.3301,'1-0',0.299,'2-0',0.1354
2024-11-30,West Ham United,Arsenal,2.194999933242798,3.0,0.28,0.2752,0.4448,'2-2',0.0601,'2-3',0.0601,'1-2',0.0548
2024-12-01,Chelsea,Aston Villa,3.0,0.00800000037997961,0.9213,0.0781,0.0006,'2-0',0.2223,'3-0',0.2223,'1-0',0.1482
2024-12-01,Tottenham Hotspur,Fulham,1.0839999914169312,1.3109999895095825,0.3046,0.2939,0.4014,'1-1',0.1296,'0-1',0.1195,'1-0',0.0988
2024-12-03,Ipswich Town,Crystal Palace,0.014000000432133675,1.0499999523162842,0.0051,0.3581,0.6368,'0-1',0.3622,'0-0',0.345,'0-2',0.1902
2024-12-03,Leicester City,West Ham United,2.382999897003174,1.1349999904632568,0.5741,0.2374,0.1885,'2-1',0.0956,'2-0',0.0842,'1-1',0.0802
2024-12-04,Everton,Wolverhampton Wanderers,2.8489999771118164,3.0,0.3391,0.2953,0.3656,'2-2',0.0526,'2-3',0.0526,'3-2',0.05
2024-12-04,Newcastle United,Liverpool,2.2279999256134033,0.00800000037997961,0.8653,0.1337,0.001,'2-0',0.2654,'1-0',0.2383,'3-0',0.1971
2024-12-04,Southampton,Chelsea,3.0,0.00800000037997961,0.9213,0.0781,0.0006,'2-0',0.2223,'3-0',0.2223,'1-0',0.1482
2024-12-04,Arsenal,Manchester United,2.2899999618530273,0.00800000037997961,0.8715,0.1276,0.001,'2-0',0.2635,'1-0',0.2301,'3-0',0.2012
2024-12-04,Aston Villa,Brentford,2.812000036239624,1.0219999551773071,0.6478,0.2113,0.1408,'2-1',0.0874,'2-0',0.0855,'3-1',0.0819
2024-12-07,Brentford,Newcastle United,2.871999979019165,2.0950000286102295,0.4482,0.2714,0.2803,'2-2',0.063,'3-2',0.0603,'2-1',0.0602
2024-12-07,Crystal Palace,Manchester City,1.61899995803833,2.2009999752044678,0.2853,0.2621,0.4526,'1-2',0.086,'1-1',0.0781,'2-2',0.0696
2024-12-07,Manchester United,Nottingham Forest,2.1429998874664307,2.240999937057495,0.3522,0.2712,0.3766,'2-2',0.0719,'1-2',0.0672,'2-1',0.0642
2024-12-08,Ipswich Town,AFC Bournemouth,1.565000057220459,2.0989999771118164,0.2887,0.2629,0.4484,'1-2',0.0884,'1-1',0.0842,'2-2',0.0691
2024-12-08,Leicester City,Brighton & Hove Albion,1.0019999742507935,1.1410000324249268,0.3135,0.3093,0.3772,'1-1',0.1341,'0-1',0.1338,'1-0',0.1175
2024-12-08,Fulham,Arsenal,1.0829999446868896,1.628000020980835,0.2571,0.2743,0.4686,'1-1',0.1172,'0-1',0.1082,'1-2',0.0954
2024-12-08,Tottenham Hotspur,Chelsea,2.878999948501587,3.0,0.3414,0.296,0.3626,'2-2',0.0522,'2-3',0.0522,'3-2',0.0501
2024-12-09,West Ham United,Wolverhampton Wanderers,1.7549999952316284,1.0959999561309814,0.4891,0.2671,0.2438,'1-1',0.1112,'1-0',0.1014,'2-1',0.0975
2024-12-14,Arsenal,Everton,0.2240000069141388,0.00800000037997961,0.1994,0.7946,0.0061,'0-0',0.7932,'1-0',0.1778,'2-0',0.0199
2024-12-14,Liverpool,Fulham,1.9570000171661377,1.9119999408721924,0.3723,0.2683,0.3594,'1-1',0.0781,'2-1',0.0765,'1-2',0.0747
2024-12-14,Newcastle United,Leicester City,3.0,0.00800000037997961,0.9213,0.0781,0.0006,'2-0',0.2223,'3-0',0.2223,'1-0',0.1482
2024-12-14,Wolverhampton Wanderers,Ipswich Town,1.1920000314712524,1.2059999704360962,0.3492,0.2956,0.3552,'1-1',0.1307,'0-1',0.1096,'1-0',0.1083
2024-12-14,Nottingham Forest,Aston Villa,1.8910000324249268,1.097000002861023,0.5123,0.2595,0.2282,'1-1',0.1045,'2-1',0.0988,'1-0',0.0952
2024-12-15,Brighton & Hove Albion,Crystal Palace,0.31200000643730164,2.506999969482422,0.0408,0.1538,0.8054,'0-2',0.1875,'0-3',0.1567,'0-1',0.1496
2024-12-15,Manchester City,Manchester United,1.0390000343322754,2.1070001125335693,0.1948,0.2457,0.5595,'1-2',0.0992,'0-2',0.0955,'1-1',0.0942
2024-12-15,Chelsea,Brentford,0.014000000432133675,3.0,0.0011,0.0791,0.9198,'0-2',0.2209,'0-3',0.2209,'0-1',0.1472
2024-12-16,AFC Bournemouth,West Ham United,1.0219999551773071,0.8090000152587891,0.3877,0.3325,0.2798,'1-0',0.1638,'0-0',0.1603,'1-1',0.1325
2024-12-21,Brentford,Nottingham Forest,0.029999999329447746,1.5859999656677246,0.0066,0.2255,0.7678,'0-1',0.3152,'0-2',0.25,'0-0',0.1987
2024-12-21,Ipswich Town,Newcastle United,0.014000000432133675,3.0,0.0011,0.0791,0.9198,'0-2',0.2209,'0-3',0.2209,'0-1',0.1472
2024-12-21,Crystal Palace,Arsenal,1.0190000534057617,3.0,0.1302,0.2037,0.6661,'1-2',0.0824,'1-3',0.0824,'0-2',0.0809
2024-12-22,Leicester City,Wolverhampton Wanderers,0.08299999684095383,2.5980000495910645,0.009,0.1142,0.8768,'0-2',0.231,'0-3',0.2001,'0-1',0.1778
2024-12-22,Everton,Chelsea,0.02199999988079071,0.00800000037997961,0.0217,0.9709,0.0074,'0-0',0.9708,'1-0',0.0214,'0-1',0.0074
2024-12-22,Fulham,Southampton,0.014000000432133675,2.4820001125335693,0.0016,0.1121,0.8864,'0-2',0.2538,'0-3',0.21,'0-1',0.2045
2024-12-22,Tottenham Hotspur,Liverpool,2.4709999561309814,3.0,0.3069,0.2848,0.4083,'2-2',0.0578,'2-3',0.0578,'3-2',0.0476
2024-12-26,Manchester City,Everton,1.0839999914169312,1.0399999618530273,0.3545,0.3113,0.3342,'1-1',0.1348,'1-0',0.1296,'0-1',0.1244
2024-12-26,AFC Bournemouth,Crystal Palace,0.014000000432133675,0.00800000037997961,0.014,0.9785,0.0075,'0-0',0.9784,'1-0',0.0139,'0-1',0.0074
2024-12-26,Newcastle United,Aston Villa,2.6519999504089355,0.00800000037997961,0.9008,0.0985,0.0007,'2-0',0.2461,'3-0',0.2175,'1-0',0.1855
2024-12-26,Nottingham Forest,Tottenham Hotspur,1.0440000295639038,0.02500000037252903,0.6306,0.3603,0.009,'1-0',0.3584,'0-0',0.3434,'2-0',0.187
2024-12-26,Southampton,West Ham United,0.014000000432133675,1.1449999809265137,0.0047,0.3284,0.6669,'0-1',0.3592,'0-0',0.3137,'0-2',0.2057
2024-12-26,Wolverhampton Wanderers,Manchester United,2.115999937057495,0.00800000037997961,0.8535,0.1454,0.0011,'2-0',0.2677,'1-0',0.253,'3-0',0.1889
2024-12-26,Liverpool,Leicester City,3.0,0.9639999866485596,0.6793,0.1986,0.1221,'2-0',0.0854,'3-0',0.0854,'2-1',0.0824
2024-12-27,Brighton & Hove Albion,Brentford,0.014000000432133675,0.00800000037997961,0.014,0.9785,0.0075,'0-0',0.9784,'1-0',0.0139,'0-1',0.0074
2024-12-27,Arsenal,Ipswich Town,1.090000033378601,0.00800000037997961,0.6524,0.345,0.0026,'1-0',0.3637,'0-0',0.3335,'2-0',0.1983
2024-12-29,Everton,Nottingham Forest,2.322000026702881,1.9010000228881836,0.4209,0.2672,0.3119,'2-1',0.0751,'2-2',0.0714,'1-1',0.0647
2024-12-29,Crystal Palace,Southampton,2.2780001163482666,2.0510001182556152,0.3936,0.2701,0.3363,'2-2',0.0719,'2-1',0.0701,'1-2',0.0631
2024-12-29,Tottenham Hotspur,Wolverhampton Wanderers,1.9520000219345093,0.9589999914169312,0.5549,0.2513,0.1938,'1-0',0.1062,'2-0',0.1036,'1-1',0.1019
2024-12-29,Fulham,AFC Bournemouth,0.014000000432133675,2.11899995803833,0.0021,0.1462,0.8517,'0-2',0.2659,'0-1',0.251,'0-3',0.1878
2024-12-29,West Ham United,Liverpool,0.014000000432133675,3.0,0.0011,0.0791,0.9198,'0-2',0.2209,'0-3',0.2209,'0-1',0.1472
2024-12-30,Aston Villa,Brighton & Hove Albion,1.6399999856948853,1.8259999752044678,0.3363,0.2686,0.3951,'1-1',0.0936,'1-2',0.0854,'2-1',0.0767
2024-12-30,Ipswich Town,Chelsea,2.4230000972747803,0.039000000804662704,0.8744,0.1209,0.0046,'2-0',0.2502,'1-0',0.2065,'3-0',0.2021
2024-12-30,Manchester United,Newcastle United,0.014000000432133675,2.380000114440918,0.0017,0.1205,0.8778,'0-2',0.2584,'0-1',0.2172,'0-3',0.205
2025-01-01,Brentford,Arsenal,1.0579999685287476,2.3469998836517334,0.178,0.2345,0.5875,'1-2',0.0968,'0-2',0.0914,'1-1',0.0825
2025-01-04,Tottenham Hotspur,Newcastle United,1.0240000486373901,2.4210000038146973,0.1663,0.2288,0.6049,'1-2',0.0958,'0-2',0.0935,'1-1',0.0791
2025-01-04,AFC Bournemouth,Everton,0.014000000432133675,3.0,0.0011,0.0791,0.9198,'0-2',0.2209,'0-3',0.2209,'0-1',0.1472
2025-01-04,Aston Villa,Leicester City,3.0,1.2719999551773071,0.6087,0.2246,0.1667,'2-1',0.0799,'3-1',0.0799,'2-0',0.0628
2025-01-04,Southampton,Brentford,1.2899999618530273,0.00800000037997961,0.7098,0.288,0.0022,'1-0',0.3524,'0-0',0.2732,'2-0',0.2273
2025-01-04,Brighton & Hove Albion,Arsenal,0.9879999756813049,1.0390000343322754,0.3287,0.3181,0.3532,'0-1',0.1369,'1-1',0.1352,'0-0',0.1317
2025-01-05,Fulham,Ipswich Town,2.0910000801086426,1.7860000133514404,0.4099,0.2667,0.3234,'2-1',0.0809,'1-1',0.0774,'2-2',0.0722
2025-01-05,Liverpool,Manchester United,1.996999979019165,1.8569999933242798,0.386,0.268,0.346,'1-1',0.0786,'2-1',0.0785,'1-2',0.073
2025-01-06,Wolverhampton Wanderers,Nottingham Forest,0.02199999988079071,2.6760001182556152,0.0022,0.0992,0.8986,'0-2',0.2411,'0-3',0.2151,'0-1',0.1802
2025-01-14,Brentford,Manchester City,2.0350000858306885,2.325000047683716,0.3289,0.2699,0.4012,'2-2',0.0715,'1-2',0.0703,'2-1',0.0615
2025-01-14,West Ham United,Fulham,2.6019999980926514,1.718999981880188,0.4822,0.259,0.2589,'2-1',0.0773,'3-1',0.0671,'2-2',0.0664
2025-01-14,Chelsea,AFC Bournemouth,2.3949999809265137,2.1429998874664307,0.3941,0.2721,0.3338,'2-2',0.0704,'2-1',0.0657,'1-2',0.0588
2025-01-14,Nottingham Forest,Liverpool,1.0449999570846558,1.2309999465942383,0.3084,0.3007,0.3909,'1-1',0.1321,'0-1',0.1265,'1-0',0.1073
2025-01-15,Everton,Aston Villa,2.509000062942505,0.2639999985694885,0.8191,0.1472,0.0336,'2-0',0.1966,'3-0',0.1644,'1-0',0.1567
2025-01-15,Leicester City,Crystal Palace,0.009999999776482582,2.0,0.0015,0.1594,0.8391,'0-1',0.2681,'0-2',0.2681,'0-3',0.1787
2025-01-15,Newcastle United,Wolverhampton Wanderers,0.014000000432133675,1.003999948501587,0.0053,0.3736,0.6211,'0-1',0.3627,'0-0',0.3612,'0-2',0.1821
2025-01-15,Arsenal,Tottenham Hotspur,1.5570000410079956,1.0049999952316284,0.4722,0.2787,0.2491,'1-1',0.1207,'1-0',0.1201,'2-1',0.094
2025-01-16,Ipswich Town,Brighton & Hove Albion,0.014000000432133675,2.075000047683716,0.0021,0.1511,0.8467,'0-2',0.2665,'0-1',0.2568,'0-3',0.1843
2025-01-18,Newcastle United,AFC Bournemouth,1.1050000190734863,3.0,0.1428,0.2112,0.646,'1-2',0.082,'1-3',0.082,'0-2',0.0742
2025-01-18,Brentford,Liverpool,0.007000000216066837,1.6200000047683716,0.0014,0.2163,0.7823,'0-1',0.3184,'0-2',0.258,'0-0',0.1965
2025-01-18,West Ham United,Crystal Palace,0.014000000432133675,2.3369998931884766,0.0018,0.1243,0.8739,'0-2',0.2601,'0-1',0.2226,'0-3',0.2026
2025-01-18,Arsenal,Aston Villa,2.515000104904175,1.5829999446868896,0.497,0.255,0.248,'2-1',0.0831,'3-1',0.0697,'1-1',0.0661
2025-01-19,Nottingham Forest,Southampton,1.0709999799728394,2.441999912261963,0.173,0.2309,0.5961,'1-2',0.0952,'0-2',0.0888,'1-1',0.078
2025-01-19,Everton,Tottenham Hotspur,2.5490000247955322,1.7489999532699585,0.4713,0.2608,0.2679,'2-1',0.0772,'2-2',0.0676,'3-1',0.0656
2025-01-19,Manchester United,Brighton & Hove Albion,3.0,2.5380001068115234,0.4002,0.2869,0.3129,'2-2',0.057,'3-2',0.057,'2-3',0.0482
2025-01-19,Ipswich Town,Manchester City,0.014000000432133675,3.0,0.0011,0.0791,0.9198,'0-2',0.2209,'0-3',0.2209,'0-1',0.1472
2025-01-20,Chelsea,Wolverhampton Wanderers,2.3940000534057617,0.902999997138977,0.6314,0.2217,0.1469,'2-0',0.106,'2-1',0.0957,'1-0',0.0886
2025-01-25,AFC Bournemouth,Nottingham Forest,3.0,0.00800000037997961,0.9213,0.0781,0.0006,'2-0',0.2223,'3-0',0.2223,'1-0',0.1482
2025-01-25,Brighton & Hove Albion,Everton,0.014000000432133675,1.0180000066757202,0.0053,0.3687,0.6261,'0-1',0.3626,'0-0',0.3561,'0-2',0.1846
2025-01-25,Liverpool,Ipswich Town,3.0,0.39399999380111694,0.8252,0.1338,0.0411,'2-0',0.1511,'3-0',0.1511,'1-0',0.1007
2025-01-25,Southampton,Newcastle United,1.0199999809265137,2.871000051498413,0.1372,0.2088,0.654,'1-2',0.0859,'0-2',0.0841,'1-3',0.0822
2025-01-25,Wolverhampton Wanderers,Arsenal,0.014000000432133675,1.2879999876022339,0.0041,0.2891,0.7068,'0-1',0.3503,'0-0',0.272,'0-2',0.2255
2025-01-26,Crystal Palace,Brentford,1.1260000467300415,1.7300000190734863,0.2531,0.2688,0.4781,'1-1',0.112,'0-1',0.0995,'1-2',0.0969
2025-01-26,Tottenham Hotspur,Leicester City,1.1330000162124634,2.243000030517578,0.2001,0.2435,0.5564,'1-2',0.0974,'1-1',0.0869,'0-2',0.086
2025-01-26,Aston Villa,West Ham United,0.9100000262260437,1.1710000038146973,0.2832,0.3114,0.4053,'0-1',0.1462,'1-1',0.133,'0-0',0.1249
2025-02-01,Nottingham Forest,Brighton & Hove Albion,3.0,0.00800000037997961,0.9213,0.0781,0.0006,'2-0',0.2223,'3-0',0.2223,'1-0',0.1482
2025-02-01,Newcastle United,Fulham,1.062000036239624,1.8270000219345093,0.2282,0.2622,0.5096,'1-1',0.1079,'0-1',0.1016,'1-2',0.0986
2025-02-01,AFC Bournemouth,Liverpool,0.014000000432133675,2.2200000286102295,0.0019,0.1355,0.8625,'0-2',0.2639,'0-1',0.2378,'0-3',0.1952
2025-02-01,Wolverhampton Wanderers,Aston Villa,1.6360000371932983,0.00800000037997961,0.7849,0.2135,0.0016,'1-0',0.3162,'2-0',0.2587,'0-0',0.1932
2025-02-02,Brentford,Tottenham Hotspur,0.004999999888241291,1.2730000019073486,0.0015,0.2923,0.7062,'0-1',0.3546,'0-0',0.2787,'0-2',0.2256
2025-02-02,Manchester United,Crystal Palace,0.014000000432133675,1.75600004196167,0.0028,0.1944,0.8028,'0-1',0.2991,'0-2',0.2625,'0-0',0.1704
2025-02-02,Arsenal,Manchester City,3.0,1.0839999914169312,0.6509,0.2094,0.1397,'2-1',0.0821,'3-1',0.0821,'2-0',0.0758
2025-02-12,Everton,Liverpool,1.8819999694824219,2.0139999389648438,0.3474,0.2681,0.3845,'1-2',0.0776,'1-1',0.077,'2-2',0.073
2025-02-14,Brighton & Hove Albion,Chelsea,2.5250000953674316,0.00800000037997961,0.8915,0.1076,0.0008,'2-0',0.2533,'3-0',0.2132,'1-0',0.2006
2025-02-15,Leicester City,Arsenal,0.014000000432133675,2.4110000133514404,0.0017,0.1179,0.8805,'0-2',0.2571,'0-1',0.2133,'0-3',0.2066
2025-02-15,Aston Villa,Ipswich Town,1.11899995803833,1.0199999809265137,0.3677,0.31,0.3223,'1-1',0.1344,'1-0',0.1318,'0-1',0.1202
2025-02-15,Fulham,Nottingham Forest,1.7799999713897705,1.1019999980926514,0.4923,0.2657,0.242,'1-1',0.1099,'1-0',0.0997,'2-1',0.0978
2025-02-15,Manchester City,Newcastle United,3.0,0.00800000037997961,0.9213,0.0781,0.0006,'2-0',0.2223,'3-0',0.2223,'1-0',0.1482
2025-02-15,West Ham United,Brentford,0.014000000432133675,0.9929999709129333,0.0054,0.3773,0.6173,'0-0',0.3651,'0-1',0.3627,'0-2',0.1801
2025-02-15,Crystal Palace,Everton,1.0149999856948853,1.5399999618530273,0.2536,0.2798,0.4666,'1-1',0.1214,'0-1',0.1197,'1-2',0.0935
2025-02-16,Liverpool,Wolverhampton Wanderers,2.071000099182129,1.1449999809265137,0.5295,0.252,0.2185,'2-1',0.0985,'1-1',0.0951,'2-0',0.086
2025-02-16,Tottenham Hotspur,Manchester United,1.0119999647140503,0.00800000037997961,0.6263,0.3709,0.0028,'1-0',0.3651,'0-0',0.3608,'2-0',0.1847
2025-02-19,Aston Villa,Liverpool,2.2880001068115234,1.8289999961853027,0.4282,0.2658,0.306,'2-1',0.078,'2-2',0.0713,'1-1',0.0682
2025-02-21,Leicester City,Brentford,0.014000000432133675,3.0,0.0011,0.0791,0.9198,'0-2',0.2209,'0-3',0.2209,'0-1',0.1472
2025-02-22,Everton,Manchester United,1.75,1.5440000295639038,0.3993,0.2699,0.3308,'1-1',0.1003,'2-1',0.0877,'1-2',0.0774
2025-02-22,AFC Bournemouth,Wolverhampton Wanderers,0.014000000432133675,1.0460000038146973,0.0051,0.3593,0.6356,'0-1',0.3623,'0-0',0.3462,'0-2',0.1896
2025-02-22,Arsenal,West Ham United,0.014000000432133675,1.1430000066757202,0.0047,0.3291,0.6662,'0-1',0.3593,'0-0',0.3145,'0-2',0.2053
2025-02-22,Fulham,Crystal Palace,0.014000000432133675,1.5420000553131104,0.0033,0.2321,0.7646,'0-1',0.3253,'0-2',0.2507,'0-0',0.211
2025-02-22,Southampton,Brighton & Hove Albion,0.014000000432133675,3.0,0.0011,0.0791,0.9198,'0-2',0.2209,'0-3',0.2209,'0-1',0.1472
2025-02-23,Newcastle United,Nottingham Forest,3.0,2.2209999561309814,0.4412,0.2762,0.2826,'2-2',0.06,'3-2',0.06,'2-1',0.054
2025-02-25,Crystal Palace,Aston Villa,1.0130000114440918,1.6970000267028809,0.233,0.2693,0.4977,'1-1',0.1144,'0-1',0.1129,'1-2',0.0971
2025-02-25,Brighton & Hove Albion,AFC Bournemouth,2.99399995803833,1.003999948501587,0.6692,0.2025,0.1283,'2-1',0.0826,'3-1',0.0824,'2-0',0.0823
2025-02-25,Wolverhampton Wanderers,Fulham,1.6820000410079956,1.2089999914169312,0.4514,0.272,0.2766,'1-1',0.1129,'2-1',0.095,'1-0',0.0934
2025-02-26,Nottingham Forest,Arsenal,0.014000000432133675,0.00800000037997961,0.014,0.9785,0.0075,'0-0',0.9784,'1-0',0.0139,'0-1',0.0074
2025-02-26,Tottenham Hotspur,Manchester City,0.19599999487400055,1.0549999475479126,0.0698,0.3567,0.5735,'0-1',0.3021,'0-0',0.2864,'0-2',0.1593
2025-02-26,Manchester United,Ipswich Town,1.9819999933242798,1.5789999961853027,0.4292,0.2655,0.3053,'1-1',0.0889,'2-1',0.0881,'1-2',0.0702
2025-02-26,Liverpool,Newcastle United,1.8049999475479126,0.00800000037997961,0.8128,0.1858,0.0014,'1-0',0.2946,'2-0',0.2659,'0-0',0.1631
2025-03-08,Brighton & Hove Albion,Fulham,1.1619999408721924,0.2639999985694885,0.5838,0.3299,0.0863,'1-0',0.2792,'0-0',0.2402,'2-0',0.1622
2025-03-08,Crystal Palace,Ipswich Town,1.843000054359436,0.9679999947547913,0.5347,0.2586,0.2067,'1-0',0.1108,'1-1',0.1073,'2-0',0.1021
2025-03-08,Liverpool,Southampton,3.0,1.090000033378601,0.6494,0.21,0.1406,'2-1',0.0821,'3-1',0.0821,'2-0',0.0753
2025-03-08,Brentford,Aston Villa,0.014000000432133675,1.0420000553131104,0.0051,0.3608,0.6341,'0-1',0.3624,'0-0',0.3478,'0-2',0.1888
2025-03-08,Wolverhampton Wanderers,Everton,1.0329999923706055,1.0290000438690186,0.3432,0.3156,0.3412,'1-1',0.1352,'1-0',0.1314,'0-1',0.1308
2025-03-09,Chelsea,Leicester City,1.3609999418258667,0.00800000037997961,0.7274,0.2705,0.0021,'1-0',0.3463,'0-0',0.2545,'2-0',0.2357
2025-03-09,Manchester United,Arsenal,1.2990000247955322,1.434000015258789,0.3329,0.2819,0.3852,'1-1',0.1211,'0-1',0.0932,'1-2',0.0869
2025-03-10,West Ham United,Newcastle United,0.014000000432133675,1.2580000162124634,0.0042,0.2967,0.6991,'0-1',0.3525,'0-0',0.2801,'0-2',0.2218
2025-03-15,Everton,West Ham United,1.1699999570846558,1.4279999732971191,0.3056,0.285,0.4094,'1-1',0.1244,'0-1',0.1063,'1-2',0.0888
2025-03-15,Ipswich Town,Nottingham Forest,1.9199999570846558,3.0,0.25,0.2636,0.4864,'1-2',0.0631,'1-3',0.0631,'2-2',0.0605
2025-03-15,Manchester City,Brighton & Hove Albion,1.9270000457763672,1.2319999933242798,0.4884,0.2612,0.2504,'1-1',0.1008,'2-1',0.0972,'1-0',0.0819
2025-03-15,Southampton,Wolverhampton Wanderers,1.0230000019073486,1.3350000381469727,0.2858,0.2941,0.4201,'1-1',0.1292,'0-1',0.1263,'1-0',0.0968
2025-03-15,AFC Bournemouth,Brentford,0.7120000123977661,1.819000005722046,0.1529,0.2502,0.597,'0-1',0.1448,'0-2',0.1317,'1-1',0.1031
2025-03-16,Arsenal,Chelsea,1.4609999656677246,0.00800000037997961,0.7501,0.248,0.0019,'1-0',0.3364,'2-0',0.2457,'0-0',0.2304
2025-03-16,Fulham,Tottenham Hotspur,1.1460000276565552,0.00800000037997961,0.6696,0.3279,0.0025,'1-0',0.3616,'0-0',0.3156,'2-0',0.2071
2025-03-16,Leicester City,Manchester United,0.014000000432133675,2.7890000343322754,0.0013,0.0908,0.908,'0-2',0.2357,'0-3',0.2192,'0-1',0.169
2025-04-01,Arsenal,Fulham,2.119999885559082,1.0190000534057617,0.5662,0.244,0.1898,'2-1',0.0992,'2-0',0.0974,'1-1',0.0936
2025-04-01,Wolverhampton Wanderers,West Ham United,1.1759999990463257,0.00800000037997961,0.6785,0.319,0.0024,'1-0',0.3601,'0-0',0.3062,'2-0',0.2117
2025-04-02,AFC Bournemouth,Ipswich Town,1.0140000581741333,1.4199999570846558,0.2705,0.2882,0.4413,'1-1',0.1263,'0-1',0.1245,'1-2',0.0896
2025-04-02,Manchester City,Leicester City,1.9980000257492065,0.00800000037997961,0.8394,0.1594,0.0012,'1-0',0.2689,'2-0',0.2686,'3-0',0.1789
2025-04-02,Newcastle United,Brentford,2.319000005722046,1.1069999933242798,0.5726,0.2386,0.1888,'2-1',0.0968,'2-0',0.0875,'1-1',0.0835
2025-04-02,Liverpool,Everton,1.0180000066757202,0.00800000037997961,0.6285,0.3687,0.0028,'1-0',0.365,'0-0',0.3585,'2-0',0.1859
2025-04-03,Chelsea,Tottenham Hotspur,1.2209999561309814,0.2639999985694885,0.6006,0.317,0.0824,'1-0',0.2765,'0-0',0.2265,'2-0',0.1688
2025-04-05,Everton,Arsenal,0.777999997138977,0.9929999709129333,0.2756,0.3382,0.3862,'0-0',0.1702,'0-1',0.169,'1-0',0.1324
2025-04-05,Crystal Palace,Brighton & Hove Albion,1.7769999504089355,1.1150000095367432,0.4889,0.2661,0.2449,'1-1',0.1099,'1-0',0.0986,'2-1',0.0976
2025-04-05,Ipswich Town,Wolverhampton Wanderers,0.9959999918937683,2.5510001182556152,0.1525,0.2206,0.6268,'0-2',0.0937,'1-2',0.0934,'0-3',0.0797
2025-04-05,West Ham United,AFC Bournemouth,1.6579999923706055,1.6490000486373901,0.366,0.2707,0.3632,'1-1',0.1001,'2-1',0.083,'1-2',0.0826
2025-04-05,Aston Villa,Nottingham Forest,2.328000068664551,1.0169999599456787,0.5949,0.2329,0.1721,'2-1',0.0972,'2-0',0.0955,'1-1',0.0835
2025-04-06,Brentford,Chelsea,0.014000000432133675,0.00800000037997961,0.014,0.9785,0.0075,'0-0',0.9784,'1-0',0.0139,'0-1',0.0074
2025-04-06,Fulham,Liverpool,2.7260000705718994,2.0829999446868896,0.4365,0.2711,0.2923,'2-2',0.0657,'2-1',0.0631,'3-2',0.0597
2025-04-06,Tottenham Hotspur,Southampton,3.0,0.9559999704360962,0.6812,0.1978,0.1209,'2-0',0.0861,'3-0',0.0861,'2-1',0.0823
2025-04-06,Manchester United,Manchester City,0.014000000432133675,0.00800000037997961,0.014,0.9785,0.0075,'0-0',0.9784,'1-0',0.0139,'0-1',0.0074
2025-04-07,Leicester City,Newcastle United,0.014000000432133675,2.8310000896453857,0.0012,0.0883,0.9105,'0-2',0.2329,'0-3',0.2198,'0-1',0.1645
2025-04-12,Manchester City,Crystal Palace,3.0,1.8170000314712524,0.5034,0.2586,0.2381,'2-1',0.0661,'3-1',0.0661,'2-2',0.0601
2025-04-12,Brighton & Hove Albion,Leicester City,1.6269999742507935,1.7710000276565552,0.3421,0.2694,0.3885,'1-1',0.0964,'1-2',0.0853,'2-1',0.0784
2025-04-12,Nottingham Forest,Everton,-0.0010000000474974513,0.9950000047683716,,,,'0-0',,'0-1',,'0-2',
2025-04-12,Southampton,Aston Villa,0.014000000432133675,2.7130000591278076,0.0013,0.0956,0.9031,'0-2',0.2407,'0-3',0.2177,'0-1',0.1775
2025-04-12,Arsenal,Brentford,1.0770000219345093,1.340999960899353,0.2981,0.2922,0.4096,'1-1',0.1287,'0-1',0.1195,'1-0',0.096
2025-04-13,Chelsea,Ipswich Town,1.3459999561309814,1.6299999952316284,0.3117,0.274,0.4144,'1-1',0.1119,'1-2',0.0912,'0-1',0.0831
2025-04-13,Liverpool,West Ham United,2.055999994277954,0.3610000014305115,0.7374,0.1993,0.0633,'2-0',0.1885,'1-0',0.1833,'3-0',0.1292
2025-04-13,Newcastle United,Manchester United,3.0,1.0369999408721924,0.662,0.2052,0.1328,'2-1',0.0824,'3-1',0.0824,'2-0',0.0795
2025-04-14,AFC Bournemouth,Fulham,0.9430000185966492,0.00800000037997961,0.6016,0.3953,0.003,'0-0',0.3864,'1-0',0.3645,'2-0',0.1719
2025-04-16,Newcastle United,Crystal Palace,3.0,0.00800000037997961,0.9213,0.0781,0.0006,'2-0',0.2223,'3-0',0.2223,'1-0',0.1482
2025-04-19,Brentford,Brighton & Hove Albion,0.9950000047683716,0.9750000238418579,0.3433,0.3227,0.334,'0-0',0.1395,'1-0',0.1387,'0-1',0.136
2025-04-19,Everton,Manchester City,0.014000000432133675,0.00800000037997961,0.014,0.9785,0.0075,'0-0',0.9784,'1-0',0.0139,'0-1',0.0074
2025-04-19,West Ham United,Southampton,3.0,1.4989999532699585,0.5617,0.2404,0.1979,'2-1',0.075,'3-1',0.075,'2-2',0.0562
2025-04-19,Aston Villa,Newcastle United,2.742000102996826,1.0549999475479126,0.6331,0.2169,0.15,'2-1',0.089,'2-0',0.0843,'3-1',0.0813
2025-04-20,Fulham,Chelsea,1.031000018119812,1.7259999513626099,0.2333,0.2677,0.499,'1-1',0.113,'0-1',0.1096,'1-2',0.0975
2025-04-20,Ipswich Town,Arsenal,0.014000000432133675,3.0,0.0011,0.0791,0.9198,'0-2',0.2209,'0-3',0.2209,'0-1',0.1472
2025-04-20,Manchester United,Wolverhampton Wanderers,0.014000000432133675,1.1579999923706055,0.0046,0.3245,0.6708,'0-1',0.3586,'0-0',0.3096,'0-2',0.2077
2025-04-20,Leicester City,Liverpool,0.014000000432133675,1.1180000305175781,0.0048,0.3366,0.6587,'0-1',0.3603,'0-0',0.3223,'0-2',0.2014
2025-04-22,Manchester City,Aston Villa,1.8940000534057617,0.9340000152587891,0.5517,0.2541,0.1942,'1-0',0.1121,'2-0',0.1061,'1-1',0.1046
2025-04-23,Arsenal,Crystal Palace,2.24399995803833,1.3459999561309814,0.5104,0.2527,0.237,'2-1',0.0935,'1-1',0.0833,'3-1',0.07
2025-04-26,Chelsea,Everton,1.034999966621399,0.00800000037997961,0.6341,0.3631,0.0028,'1-0',0.3649,'0-0',0.3527,'2-0',0.1888
2025-04-26,Newcastle United,Ipswich Town,2.621000051498413,0.00800000037997961,0.8986,0.1006,0.0008,'2-0',0.2479,'3-0',0.2166,'1-0',0.1891
2025-04-26,Wolverhampton Wanderers,Leicester City,2.9010000228881836,2.318000078201294,0.4196,0.2792,0.3011,'2-2',0.0612,'3-2',0.0592,'2-1',0.0528
2025-04-26,Southampton,Fulham,2.507999897003174,0.00800000037997961,0.8902,0.109,0.0008,'2-0',0.2542,'3-0',0.2125,'1-0',0.2027
2025-04-27,AFC Bournemouth,Manchester United,1.034999966621399,1.2549999952316284,0.302,0.2994,0.3986,'1-1',0.1315,'0-1',0.1271,'1-0',0.1048
2025-04-27,Liverpool,Tottenham Hotspur,3.0,1.0089999437332153,0.6685,0.2028,0.1287,'2-1',0.0824,'3-1',0.0824,'2-0',0.0817
2025-05-01,Nottingham Forest,Brentford,0.007000000216066837,1.6799999475479126,0.0014,0.2058,0.7928,'0-1',0.3111,'0-2',0.2613,'0-0',0.1852
2025-05-02,Manchester City,Wolverhampton Wanderers,0.9879999756813049,0.00800000037997961,0.6179,0.3792,0.0029,'0-0',0.3695,'1-0',0.3651,'2-0',0.1803
2025-05-03,Aston Villa,Fulham,0.906000018119812,0.00800000037997961,0.5872,0.4097,0.0031,'0-0',0.4013,'1-0',0.3634,'2-0',0.1645
2025-05-03,Leicester City,Southampton,1.7300000190734863,0.00800000037997961,0.8009,0.1976,0.0015,'1-0',0.3044,'2-0',0.2633,'0-0',0.176
2025-05-03,Arsenal,AFC Bournemouth,1.3300000429153442,1.7009999752044678,0.2983,0.2714,0.4302,'1-1',0.1092,'1-2',0.0929,'0-1',0.0821
2025-05-04,West Ham United,Tottenham Hotspur,2.8320000171661377,2.553999900817871,0.3845,0.2853,0.3302,'2-2',0.0599,'3-2',0.0566,'2-3',0.051
2025-05-04,Brentford,Manchester United,0.9929999709129333,1.2599999904632568,0.2905,0.3006,0.409,'0-1',0.1324,'1-1',0.1315,'0-0',0.1051
2025-05-10,Fulham,Everton,0.9909999966621399,2.072000026702881,0.1888,0.2453,0.5659,'0-2',0.1004,'1-2',0.0994,'0-1',0.0969
2025-05-10,Ipswich Town,Brentford,0.014000000432133675,0.9670000076293945,0.0055,0.3866,0.6079,'0-0',0.3748,'0-1',0.3625,'0-2',0.1753
2025-05-10,Wolverhampton Wanderers,Brighton & Hove Albion,0.014000000432133675,1.3630000352859497,0.0038,0.2707,0.7255,'0-1',0.3439,'0-0',0.2523,'0-2',0.2343
2025-05-10,AFC Bournemouth,Aston Villa,0.014000000432133675,1.0959999561309814,0.0049,0.3434,0.6517,'0-1',0.3611,'0-0',0.3295,'0-2',0.1979
2025-05-11,Newcastle United,Chelsea,1.968000054359436,0.00800000037997961,0.8356,0.1632,0.0012,'1-0',0.2729,'2-0',0.2685,'3-0',0.1762
2025-05-11,Tottenham Hotspur,Crystal Palace,1.8079999685287476,1.7660000324249268,0.3721,0.2687,0.3592,'1-1',0.0895,'2-1',0.0809,'1-2',0.0791
2025-05-11,Manchester United,West Ham United,0.014000000432133675,2.4570000171661377,0.0016,0.1141,0.8843,'0-2',0.255,'0-3',0.2088,'0-1',0.2076
2025-05-11,Nottingham Forest,Leicester City,0.017999999225139618,2.249000072479248,0.0023,0.1332,0.8645,'0-2',0.2622,'0-1',0.2332,'0-3',0.1965
2025-05-11,Liverpool,Arsenal,2.2160000801086426,2.447999954223633,0.3362,0.2738,0.3901,'2-2',0.0694,'1-2',0.0626,'2-1',0.0567
2025-05-16,Chelsea,Manchester United,1.065999984741211,0.00800000037997961,0.6447,0.3526,0.0027,'1-0',0.3643,'0-0',0.3416,'2-0',0.1943
2025-05-18,Everton,Southampton,2.325000047683716,0.00800000037997961,0.8747,0.1243,0.0009,'2-0',0.2623,'1-0',0.2256,'3-0',0.2033
2025-05-18,West Ham United,Nottingham Forest,1.1169999837875366,2.380000114440918,0.1856,0.2364,0.578,'1-2',0.0958,'0-2',0.0858,'1-1',0.0805
2025-05-18,Brentford,Fulham,2.240000009536743,2.927000045776367,0.291,0.2767,0.4323,'2-2',0.0613,'2-3',0.0598,'1-2',0.0547
2025-05-18,Leicester City,Ipswich Town,1.5959999561309814,0.00800000037997961,0.7775,0.2208,0.0017,'1-0',0.321,'2-0',0.2562,'0-0',0.2011
2025-05-18,Arsenal,Newcastle United,1.0800000429153442,0.029999999329447746,0.6408,0.3488,0.0104,'1-0',0.356,'0-0',0.3296,'2-0',0.1922
2025-05-19,Brighton & Hove Albion,Liverpool,2.7119998931884766,2.3440001010894775,0.3995,0.2787,0.3219,'2-2',0.0644,'3-2',0.0582,'2-1',0.0549
2025-05-20,Crystal Palace,Wolverhampton Wanderers,3.0,2.1080000400543213,0.4574,0.2718,0.2709,'2-2',0.0605,'3-2',0.0605,'2-1',0.0574
2025-05-20,Manchester City,AFC Bournemouth,2.744999885559082,0.6959999799728394,0.7236,0.1837,0.0926,'2-0',0.1207,'3-0',0.1105,'1-0',0.088
