player_id,current_team_id,포지션,주발,키(cm),몸무게(kg),경기 출전,출전 시간(분),볼 소유권 상실,실점,파울,득점,선방,페널티 상황,페널티 선방
108693,0,,,,,0,0,0,0,0,0,0,0,0
72541,0,,,,,0,0,0,0,0,0,0,0,0
19970,0,,,,,3,85,0,0,0,0,0,0,0
117754,0,,,,,0,0,0,0,0,0,0,0,0
9199,0,,,,,20,1252,18,35,12,2,0,0,0
126317,0,,,,,29,1091,12,23,13,2,0,0,0
125075,0,,,,,4,169,0,3,0,0,0,0,0
42894,0,,,,,28,1965,12,30,45,0,0,0,0
13549,0,,,,,22,1404,0,14,8,1,0,0,0
4852,0,,,,,0,0,0,0,0,0,0,0,0
128023,0,,,,,0,0,0,0,0,0,0,0,0
110203,0,,,,,16,1411,4,22,7,1,0,0,0
134486,0,,,,,0,0,0,0,0,0,0,0,0
63670,0,,,,,0,0,0,0,0,0,0,0,0
68086,0,,,,,0,0,0,0,0,0,0,0,0
108628,0,,,,,0,0,0,0,0,0,0,0,0
125106,0,,,,,2,4,1,0,0,0,0,0,0
10439,0,,,,,35,3003,22,39,23,2,0,0,0
71432,0,,,,,37,3127,47,67,30,4,0,0,0
124320,0,,,,,0,0,0,0,0,0,0,0,0
147822,0,,,,,0,0,0,0,0,0,0,0,0
20113,0,,,,,24,1441,12,25,13,0,0,0,0
129849,0,,,,,0,0,0,0,0,0,0,0,0
15656,0,,,,,26,2014,5,28,17,0,0,0,0
5264,0,,,,,0,0,0,0,0,0,0,0,0
3564,0,,,,,0,0,0,0,0,0,0,0,0
4499,0,,,,,10,682,3,11,2,0,0,0,0
50585,0,,,,,0,0,0,0,0,0,0,0,0
133612,0,,,,,16,770,13,9,14,2,0,0,0
14732,0,,,,,33,2377,15,25,11,3,0,0,0
127536,0,,,,,0,0,0,0,0,0,0,0,0
129724,0,,,,,0,0,0,0,0,0,0,0,0
9167,0,,,,,0,0,0,0,0,0,0,0,0
117565,0,,,,,0,0,0,0,0,0,0,0,0
51703,0,,,,,11,125,4,5,8,0,0,0,0
20559,0,,,,,28,2509,0,29,0,0,78,1,0
111022,0,,,,,0,0,0,0,0,0,0,0,0
2862,0,,,,,0,0,0,0,0,0,0,0,0
54312,0,,,,,9,151,2,3,1,0,0,0,0
52723,0,,,,,0,0,0,0,0,0,0,0,0
112742,0,,,,,1,1,0,0,0,0,0,0,0
20723,0,,,,,0,0,0,0,0,0,0,0,0
136952,0,,,,,1,7,1,0,0,0,0,0,0
133503,0,,,,,5,346,5,9,2,0,0,0,0
118447,0,,,,,2,26,2,0,1,0,0,0,0
128364,0,,,,,0,0,0,0,0,0,0,0,0
48689,0,,,,,0,0,0,0,0,0,0,0,0
119874,0,,,,,0,0,0,0,0,0,0,0,0
22744,0,,,,,0,0,0,0,0,0,0,0,0
26151,0,,,,,30,2663,4,44,20,0,0,0,0
143214,0,,,,,33,2484,21,46,36,0,0,0,0
51593,0,,,,,37,2742,49,37,49,2,0,0,0
133245,0,,,,,0,0,0,0,0,0,0,0,0
136833,0,,,,,0,0,0,0,0,0,0,0,0
5061,0,,,,,0,0,0,0,0,0,0,0,0
24708,0,,,,,0,0,0,0,0,0,0,0,0
121739,0,,,,,0,0,0,0,0,0,0,0,0
10476,0,,,,,33,2022,22,32,28,2,0,0,0
136199,0,,,,,0,0,0,0,0,0,0,0,0
50460,0,,,,,0,0,0,0,0,0,0,0,0
14624,0,,,,,36,3167,20,49,31,0,0,0,0
9595,0,,,,,14,844,19,18,12,1,0,0,0
75381,0,,,,,8,135,1,2,2,0,0,0,0
130671,0,,,,,0,0,0,0,0,0,0,0,0
5748,0,,,,,26,2259,0,41,0,0,82,0,0
64370,0,,,,,12,497,2,10,7,0,0,0,0
25281,0,,,,,35,1432,26,34,16,2,0,0,0
13956,0,,,,,32,2018,18,56,20,3,0,0,0
134286,0,,,,,3,47,3,1,2,0,0,0,0
8050,0,,,,,0,0,0,0,0,0,0,0,0
138109,0,,,,,0,0,0,0,0,0,0,0,0
119277,0,,,,,0,0,0,0,0,0,0,0,0
11428,0,,,,,13,745,8,8,11,3,0,0,0
31883,0,,,,,0,0,0,0,0,0,0,0,0
15114,0,,,,,1,90,0,2,0,0,2,0,0
15340,0,,,,,26,400,19,10,8,1,0,0,0
134333,0,,,,,34,1966,22,28,37,2,0,0,0
5595,0,,,,,31,1664,41,42,31,5,0,0,0
134994,0,,,,,0,0,0,0,0,0,0,0,0
65744,0,,,,,0,0,0,0,0,0,0,0,0
53612,0,,,,,5,333,0,5,6,0,0,0,0
108957,0,,,,,0,0,0,0,0,0,0,0,0
62917,0,,,,,0,0,0,0,0,0,0,0,0
20489,0,,,,,24,1143,25,19,12,1,0,0,0
21317,0,,,,,0,0,0,0,0,0,0,0,0
114296,0,,,,,0,0,0,0,0,0,0,0,0
12937,0,,,,,0,0,0,0,0,0,0,0,0
11293,0,,,,,0,0,0,0,0,0,0,0,0
124396,0,,,,,34,2670,42,39,40,3,0,0,0
7485,0,,,,,0,0,0,0,0,0,0,0,0
112674,0,,,,,0,0,0,0,0,0,0,0,0
120417,0,,,,,0,0,0,0,0,0,0,0,0
139402,0,,,,,0,0,0,0,0,0,0,0,0
20959,0,,,,,0,0,0,0,0,0,0,0,0
24773,0,,,,,0,0,0,0,0,0,0,0,0
19871,0,,,,,0,0,0,0,0,0,0,0,0
112601,0,,,,,0,0,0,0,0,0,0,0,0
4115,0,,,,,20,569,8,10,8,3,0,0,0
14716,0,,,,,33,1755,23,23,15,9,0,0,0
66548,0,,,,,0,0,0,0,0,0,0,0,0
71986,0,,,,,0,0,0,0,0,0,0,0,0
117451,0,,,,,0,0,0,0,0,0,0,0,0
132022,0,,,,,0,0,0,0,0,0,0,0,0
23793,0,,,,,35,3074,8,47,26,1,0,0,0
124329,0,,,,,0,0,0,0,0,0,0,0,0
71744,0,,,,,4,360,0,10,0,0,8,0,0
63840,0,,,,,0,0,0,0,0,0,0,0,0
25540,0,,,,,0,0,0,0,0,0,0,0,0
113713,0,,,,,0,0,0,0,0,0,0,0,0
66565,0,,,,,0,0,0,0,0,0,0,0,0
2537,0,,,,,0,0,0,0,0,0,0,0,0
19589,0,,,,,30,2535,3,57,31,2,0,0,0
108325,0,,,,,4,329,0,13,3,0,0,0,0
133165,0,,,,,0,0,0,0,0,0,0,0,0
107833,0,,,,,0,0,0,0,0,0,0,0,0
20517,0,,,,,0,0,0,0,0,0,0,0,0
22802,0,,,,,26,1653,20,26,34,2,0,0,0
9651,0,,,,,2,180,0,4,0,0,8,0,0
65641,0,,,,,0,0,0,0,0,0,0,0,0
21614,0,,,,,31,2226,16,35,31,0,0,0,0
5067,0,,,,,33,2667,34,36,27,4,0,0,0
133603,0,,,,,27,1206,19,25,20,0,0,0,0
126789,0,,,,,30,1528,37,24,33,8,0,0,0
54000,0,,,,,0,0,0,0,0,0,0,0,0
31671,0,,,,,0,0,0,0,0,0,0,0,0
4511,0,,,,,0,0,0,0,0,0,0,0,0
126108,0,,,,,35,1681,29,31,31,2,0,0,0
8882,0,,,,,10,176,4,4,3,0,0,0,0
138105,0,,,,,0,0,0,0,0,0,0,0,0
112629,0,,,,,0,0,0,0,0,0,0,0,0
124321,0,,,,,0,0,0,0,0,0,0,0,0
50245,0,,,,,28,1405,15,28,28,2,0,0,0
53007,0,,,,,0,0,0,0,0,0,0,0,0
66657,0,,,,,3,14,0,1,0,0,0,0,0
52175,0,,,,,0,0,0,0,0,0,0,0,0
107846,0,,,,,8,475,8,11,8,0,0,0,0
16204,0,,,,,6,146,0,1,1,0,0,0,0
117591,0,,,,,0,0,0,0,0,0,0,0,0
118070,0,,,,,0,0,0,0,0,0,0,0,0
138560,0,,,,,0,0,0,0,0,0,0,0,0
107805,0,,,,,0,0,0,0,0,0,0,0,0
49908,0,,,,,8,414,1,4,5,0,0,0,0
8868,0,,,,,34,2979,77,50,20,13,0,0,0
121754,0,,,,,0,0,0,0,0,0,0,0,0
21991,0,,,,,0,0,0,0,0,0,0,0,0
68582,0,,,,,19,748,5,10,12,0,0,0,0
134787,0,,,,,0,0,0,0,0,0,0,0,0
112711,0,,,,,0,0,0,0,0,0,0,0,0
66318,0,,,,,30,2510,4,28,12,0,0,0,0
109775,0,,,,,0,0,0,0,0,0,0,0,0
10565,0,,,,,17,1073,5,31,4,0,0,0,0
69812,0,,,,,0,0,0,0,0,0,0,0,0
14242,0,,,,,10,448,4,10,4,0,0,0,0
122146,0,,,,,0,0,0,0,0,0,0,0,0
138126,0,,,,,0,0,0,0,0,0,0,0,0
127888,0,,,,,0,0,0,0,0,0,0,0,0
33347,0,,,,,0,0,0,0,0,0,0,0,0
14636,0,,,,,18,696,15,12,4,2,0,0,0
31442,0,,,,,10,331,13,2,6,0,0,0,0
23396,0,,,,,36,3024,43,43,32,8,0,0,0
25191,0,,,,,0,0,0,0,0,0,0,0,0
74761,0,,,,,38,3282,76,44,65,5,0,0,0
13706,0,,,,,29,949,14,12,11,2,0,0,0
127095,0,,,,,0,0,0,0,0,0,0,0,0
26408,0,,,,,12,89,3,2,4,0,0,0,0
66692,0,,,,,0,0,0,0,0,0,0,0,0
133430,0,,,,,31,1513,39,33,37,5,0,0,0
11000,0,,,,,18,1540,0,37,6,0,0,0,0
8707,0,,,,,37,3330,3,45,34,1,0,0,0
144213,0,,,,,0,0,0,0,0,0,0,0,0
8201,0,,,,,18,933,13,23,4,0,0,0,0
117974,0,,,,,0,0,0,0,0,0,0,0,0
51479,0,,,,,1,6,0,0,0,0,0,0,0
69603,0,,,,,0,0,0,0,0,0,0,0,0
122282,0,,,,,0,0,0,0,0,0,0,0,0
112203,0,,,,,38,3356,25,42,70,1,0,0,0
3894,0,,,,,25,614,4,12,8,2,0,0,0
108613,0,,,,,30,1976,17,46,24,1,0,0,0
69914,0,,,,,19,984,5,12,16,2,0,0,0
12314,0,,,,,0,0,0,0,0,0,0,0,0
75105,0,,,,,0,0,0,0,0,0,0,0,0
9576,0,,,,,26,1613,33,18,27,3,0,0,0
51519,0,,,,,0,0,0,0,0,0,0,0,0
13225,0,,,,,0,0,0,0,0,0,0,0,0
147272,0,,,,,0,0,0,0,0,0,0,0,0
2250,0,,,,,0,0,0,0,0,0,0,0,0
74608,0,,,,,10,232,4,9,2,0,0,0,0
50501,0,,,,,3,13,0,1,0,0,0,0,0
107832,0,,,,,0,0,0,0,0,0,0,0,0
75212,0,,,,,0,0,0,0,0,0,0,0,0
112706,0,,,,,0,0,0,0,0,0,0,0,0
5793,0,,,,,24,1497,10,20,20,1,0,0,0
109714,0,,,,,1,1,0,0,0,0,0,0,0
13344,0,,,,,27,2077,10,22,27,1,0,0,0
11347,0,,,,,0,0,0,0,0,0,0,0,0
73894,0,,,,,0,0,0,0,0,0,0,0,0
109098,0,,,,,0,0,0,0,0,0,0,0,0
6712,0,,,,,24,1643,5,28,15,0,0,0,0
26681,0,,,,,2,19,0,2,0,0,0,0,0
14575,0,,,,,25,1974,9,25,19,3,0,0,0
10874,0,,,,,22,854,5,19,11,1,0,0,0
4620,0,,,,,0,0,0,0,0,0,0,0,0
122429,0,,,,,0,0,0,0,0,0,0,0,0
15802,0,,,,,6,104,4,3,3,0,0,0,0
69766,0,,,,,0,0,0,0,0,0,0,0,0
122388,0,,,,,1,6,0,0,1,0,0,0,0
13491,0,,,,,8,254,2,4,2,1,0,0,0
127804,0,,,,,0,0,0,0,0,0,0,0,0
92713,0,,,,,0,0,0,0,0,0,0,0,0
64140,0,,,,,0,0,0,0,0,0,0,0,0
67213,0,,,,,0,0,0,0,0,0,0,0,0
15572,0,,,,,29,2131,25,28,43,2,0,0,0
13248,0,,,,,4,130,0,5,1,0,0,0,0
121695,0,,,,,0,0,0,0,0,0,0,0,0
4136,0,,,,,22,1713,3,42,8,1,0,0,0
4604,0,,,,,13,481,2,11,2,0,0,0,0
24659,0,,,,,38,3420,8,57,29,2,0,0,0
3600,0,,,,,5,215,1,4,0,0,0,0,0
67221,0,,,,,6,175,1,2,2,0,0,0,0
16758,0,,,,,2,71,0,4,0,0,0,0,0
51229,0,,,,,35,3149,8,41,45,2,0,0,0
10766,0,,,,,36,2978,18,43,49,1,0,0,0
7336,0,,,,,22,1061,8,21,22,0,0,0,0
75678,0,,,,,4,107,0,6,2,0,0,0,0
98258,0,,,,,0,0,0,0,0,0,0,0,0
98295,0,,,,,0,0,0,0,0,0,0,0,0
15211,0,,,,,0,0,0,0,0,0,0,0,0
114135,0,,,,,0,0,0,0,0,0,0,0,0
128889,0,,,,,0,0,0,0,0,0,0,0,0
31642,0,,,,,0,0,0,0,0,0,0,0,0
8897,0,,,,,18,823,0,8,4,0,0,0,0
27277,0,,,,,36,2989,7,38,37,5,0,0,0
35752,0,,,,,8,350,0,8,2,0,0,0,0
23989,0,,,,,0,0,0,0,0,0,0,0,0
146394,0,,,,,2,28,0,0,0,0,0,0,0
112377,0,,,,,0,0,0,0,0,0,0,0,0
129835,0,,,,,0,0,0,0,0,0,0,0,0
24994,0,,,,,23,721,12,16,15,1,0,0,0
49731,0,,,,,38,2926,47,41,18,2,0,0,0
11362,0,,,,,2,46,0,2,0,0,0,0,0
16524,0,,,,,0,0,0,0,0,0,0,0,0
112510,0,,,,,8,275,0,4,2,0,0,0,0
119292,0,,,,,1,10,1,1,0,0,0,0,0
25892,0,,,,,10,843,3,18,9,0,0,0,0
14457,0,,,,,0,0,0,0,0,0,0,0,0
67450,0,,,,,0,0,0,0,0,0,0,0,0
13130,0,,,,,0,0,0,0,0,0,0,0,0
112581,0,,,,,0,0,0,0,0,0,0,0,0
68581,0,,,,,0,0,0,0,0,0,0,0,0
4198,0,,,,,15,969,0,25,6,0,0,0,0
53177,0,,,,,0,0,0,0,0,0,0,0,0
4288,0,,,,,28,1704,28,19,17,4,0,0,0
8192,0,,,,,23,742,10,17,9,1,0,0,0
117573,0,,,,,0,0,0,0,0,0,0,0,0
20226,0,,,,,29,2128,3,36,16,2,0,0,0
139004,0,,,,,0,0,0,0,0,0,0,0,0
53093,0,,,,,0,0,0,0,0,0,0,0,0
51813,0,,,,,37,2612,60,58,72,12,0,0,0
5866,0,,,,,0,0,0,0,0,0,0,0,0
138981,0,,,,,23,496,3,8,8,1,0,0,0
77990,0,,,,,0,0,0,0,0,0,0,0,0
51084,0,,,,,0,0,0,0,0,0,0,0,0
14706,0,,,,,13,259,3,3,4,0,0,0,0
69176,0,,,,,26,1901,35,30,21,8,0,0,0
66669,0,,,,,36,2410,49,21,48,13,0,0,0
107806,0,,,,,0,0,0,0,0,0,0,0,0
112917,0,,,,,33,1874,55,50,30,2,0,0,0
12994,0,,,,,10,828,2,15,11,0,0,0,0
5758,0,,,,,32,2358,16,36,21,0,0,0,0
24252,0,,,,,33,2813,21,45,40,0,0,0,0
19758,0,,,,,26,1194,22,12,23,6,0,0,0
54893,0,,,,,13,853,5,12,5,1,0,0,0
112267,0,,,,,1,90,0,4,0,0,0,0,0
121972,0,,,,,0,0,0,0,0,0,0,0,0
51511,0,,,,,0,0,0,0,0,0,0,0,0
54156,0,,,,,29,1513,59,14,10,3,0,0,0
4229,0,,,,,30,2113,5,38,18,2,0,0,0
115172,0,,,,,34,1970,12,27,33,0,0,0,0
7865,0,,,,,0,0,0,0,0,0,0,0,0
92626,0,,,,,0,0,0,0,0,0,0,0,0
146567,0,,,,,12,842,10,11,17,0,0,0,0
114273,0,,,,,1,13,0,0,0,0,0,0,0
24626,0,,,,,0,0,0,0,0,0,0,0,0
126670,0,,,,,13,445,7,6,7,0,0,0,0
14383,0,,,,,27,2154,17,49,50,1,0,0,0
107820,0,,,,,0,0,0,0,0,0,0,0,0
4112,0,,,,,0,0,0,0,0,0,0,0,0
49884,0,,,,,21,1335,2,19,10,0,0,0,0
123672,0,,,,,5,65,2,2,0,0,0,0,0
26226,0,,,,,0,0,0,0,0,0,0,0,0
69070,0,,,,,16,1251,2,29,6,0,0,0,0
6451,0,,,,,10,900,0,12,0,0,29,0,0
112740,0,,,,,0,0,0,0,0,0,0,0,0
4340,0,,,,,0,0,0,0,0,0,0,0,0
8163,0,,,,,25,2083,3,42,7,0,0,0,0
134048,0,,,,,20,626,15,12,14,7,0,0,0
124989,0,,,,,0,0,0,0,0,0,0,0,0
110117,0,,,,,0,0,0,0,0,0,0,0,0
114649,0,,,,,0,0,0,0,0,0,0,0,0
49485,0,,,,,0,0,0,0,0,0,0,0,0
135722,0,,,,,1,5,1,0,0,0,0,0,0
12707,0,,,,,26,2321,0,26,1,0,54,2,0
16788,0,,,,,6,142,3,3,6,0,0,0,0
13637,0,,,,,1,1,0,0,0,0,0,0,0
66658,0,,,,,2,64,0,0,2,0,0,0,0
40211,0,,,,,28,1781,15,29,42,0,0,0,0
72360,0,,,,,1,12,0,1,0,0,0,0,0
53996,0,,,,,0,0,0,0,0,0,0,0,0
123333,0,,,,,32,2193,38,54,30,2,0,0,0
49259,0,,,,,38,2507,43,35,9,6,0,0,0
33185,0,,,,,18,360,4,6,0,1,0,0,0
66527,0,,,,,0,0,0,0,0,0,0,0,0
134782,0,,,,,0,0,0,0,0,0,0,0,0
120171,0,,,,,0,0,0,0,0,0,0,0,0
63654,0,,,,,0,0,0,0,0,0,0,0,0
144759,0,,,,,0,0,0,0,0,0,0,0,0
125827,0,,,,,25,1164,39,22,12,2,0,0,0
107895,0,,,,,0,0,0,0,0,0,0,0,0
43586,0,,,,,20,261,3,5,15,0,0,0,0
4845,0,,,,,23,1059,5,16,8,1,0,0,0
133297,0,,,,,7,135,2,3,2,1,0,0,0
31904,0,,,,,30,2403,27,44,36,1,0,0,0
33032,0,,,,,31,2335,24,29,37,10,0,0,0
138550,0,,,,,4,21,1,1,0,0,0,0,0
147792,0,,,,,0,0,0,0,0,0,0,0,0
21584,0,,,,,34,2600,45,34,13,8,0,0,0
3309,0,,,,,14,1161,0,21,2,0,50,3,0
66670,0,,,,,0,0,0,0,0,0,0,0,0
32289,0,,,,,19,446,8,14,5,2,0,0,0
67631,0,,,,,0,0,0,0,0,0,0,0,0
20566,0,,,,,34,2812,6,63,23,1,0,0,0
146864,0,,,,,0,0,0,0,0,0,0,0,0
32159,0,,,,,0,0,0,0,0,0,0,0,0
127644,0,,,,,11,577,12,14,11,0,0,0,0
66735,0,,,,,0,0,0,0,0,0,0,0,0
20130,0,,,,,0,0,0,0,0,0,0,0,0
71590,0,,,,,21,387,11,9,4,1,0,0,0
51582,0,,,,,0,0,0,0,0,0,0,0,0
63741,0,,,,,36,2946,28,37,52,6,0,0,0
120048,0,,,,,0,0,0,0,0,0,0,0,0
33280,0,,,,,37,3276,0,55,0,0,153,1,0
128366,0,,,,,0,0,0,0,0,0,0,0,0
3881,0,,,,,0,0,0,0,0,0,0,0,0
14805,0,,,,,28,1779,31,24,5,7,0,0,0
66284,0,,,,,14,1176,5,13,24,0,0,0,0
25246,0,,,,,0,0,0,0,0,0,0,0,0
66691,0,,,,,0,0,0,0,0,0,0,0,0
3170,0,,,,,7,630,0,15,0,0,29,2,0
24704,0,,,,,0,0,0,0,0,0,0,0,0
8052,0,,,,,8,306,2,10,1,0,0,0,0
5906,0,,,,,0,0,0,0,0,0,0,0,0
3958,0,,,,,0,0,0,0,0,0,0,0,0
140365,0,,,,,0,0,0,0,0,0,0,0,0
117564,0,,,,,2,166,0,5,0,0,0,0,0
22624,0,,,,,0,0,0,0,0,0,0,0,0
42569,0,,,,,18,788,7,18,21,3,0,0,0
19680,0,,,,,17,603,13,5,14,3,0,0,0
66104,0,,,,,33,2300,38,25,16,8,0,0,0
32894,0,,,,,35,1938,24,25,20,10,0,0,0
117447,0,,,,,0,0,0,0,0,0,0,0,0
21887,0,,,,,0,0,0,0,0,0,0,0,0
133169,0,,,,,7,317,6,5,1,0,0,0,0
115447,0,,,,,0,0,0,0,0,0,0,0,0
68987,0,,,,,36,2195,48,36,12,6,0,0,0
23841,0,,,,,21,1594,9,19,20,0,0,0,0
51901,0,,,,,0,0,0,0,0,0,0,0,0
20187,0,,,,,0,0,0,0,0,0,0,0,0
25094,0,,,,,0,0,0,0,0,0,0,0,0
117587,0,,,,,0,0,0,0,0,0,0,0,0
118442,0,,,,,8,178,0,0,3,1,0,0,0
15259,0,,,,,34,2822,44,34,38,7,0,0,0
55700,0,,,,,0,0,0,0,0,0,0,0,0
8321,0,,,,,0,0,0,0,0,0,0,0,0
50234,0,,,,,28,2365,2,22,19,3,0,0,0
24221,0,,,,,2,97,0,1,2,0,0,0,0
10968,0,,,,,3,159,1,10,1,0,0,0,0
124083,0,,,,,2,21,0,0,1,0,0,0,0
70757,0,,,,,0,0,0,0,0,0,0,0,0
117859,0,,,,,1,1,0,0,0,0,0,0,0
143240,0,,,,,16,512,9,13,8,1,0,0,0
11130,0,,,,,29,987,18,25,15,2,0,0,0
67849,0,,,,,11,763,11,7,13,1,0,0,0
13702,0,,,,,0,0,0,0,0,0,0,0,0
70228,0,,,,,0,0,0,0,0,0,0,0,0
112653,0,,,,,0,0,0,0,0,0,0,0,0
117446,0,,,,,0,0,0,0,0,0,0,0,0
26974,0,,,,,0,0,0,0,0,0,0,0,0
114565,0,,,,,0,0,0,0,0,0,0,0,0
98288,0,,,,,0,0,0,0,0,0,0,0,0
49909,0,,,,,37,3168,26,35,47,0,0,0,0
7946,0,,,,,0,0,0,0,0,0,0,0,0
55968,0,,,,,0,0,0,0,0,0,0,0,0
4260,0,,,,,20,715,16,10,5,1,0,0,0
49254,0,,,,,25,2205,2,53,16,1,0,0,0
127627,0,,,,,0,0,0,0,0,0,0,0,0
65796,0,,,,,0,0,0,0,0,0,0,0,0
134176,0,,,,,21,681,21,15,7,1,0,0,0
22542,0,,,,,0,0,0,0,0,0,0,0,0
128389,0,,,,,4,143,4,3,0,0,0,0,0
14569,0,,,,,34,3059,18,42,24,3,0,0,0
12582,0,,,,,37,3067,38,39,55,0,0,0,0
130068,0,,,,,3,71,0,2,0,0,0,0,0
5101,0,,,,,33,2227,25,28,15,1,0,0,0
117552,0,,,,,0,0,0,0,0,0,0,0,0
32478,0,,,,,0,0,0,0,0,0,0,0,0
148162,0,,,,,3,11,0,2,0,0,0,0,0
68827,0,,,,,32,1858,17,26,20,0,0,0,0
67178,0,,,,,37,3279,16,41,16,5,0,0,0
107834,0,,,,,0,0,0,0,0,0,0,0,0
65970,0,,,,,31,2741,27,38,24,22,0,0,0
63841,0,,,,,0,0,0,0,0,0,0,0,0
108922,0,,,,,27,2192,20,31,9,0,0,0,0
134786,0,,,,,0,0,0,0,0,0,0,0,0
140291,0,,,,,0,0,0,0,0,0,0,0,0
7548,0,,,,,0,0,0,0,0,0,0,0,0
8264,0,,,,,2,43,0,2,0,0,0,0,0
130153,0,,,,,0,0,0,0,0,0,0,0,0
19877,0,,,,,7,378,2,9,5,0,0,0,0
10000,0,,,,,0,0,0,0,0,0,0,0,0
4713,0,,,,,0,0,0,0,0,0,0,0,0
25447,0,,,,,34,2828,5,65,35,1,0,0,0
20810,0,,,,,23,1874,23,20,38,9,0,0,0
147630,0,,,,,0,0,0,0,0,0,0,0,0
111965,0,,,,,0,0,0,0,0,0,0,0,0
2933,0,,,,,0,0,0,0,0,0,0,0,0
133114,0,,,,,4,171,1,1,4,0,0,0,0
65781,0,,,,,0,0,0,0,0,0,0,0,0
123143,0,,,,,0,0,0,0,0,0,0,0,0
51917,0,,,,,0,0,0,0,0,0,0,0,0
8586,0,,,,,0,0,0,0,0,0,0,0,0
2569,0,,,,,0,0,0,0,0,0,0,0,0
13988,0,,,,,38,3420,0,51,0,0,104,2,1/2
10947,0,,,,,5,94,2,3,2,0,0,0,0
118083,0,,,,,27,2385,0,58,0,0,103,4,1/4
98301,0,,,,,0,0,0,0,0,0,0,0,0
128733,0,,,,,0,0,0,0,0,0,0,0,0
115166,0,,,,,0,0,0,0,0,0,0,0,0
119531,0,,,,,0,0,0,0,0,0,0,0,0
51942,0,,,,,10,448,0,9,7,0,0,0,0
112096,0,,,,,0,0,0,0,0,0,0,0,0
112739,0,,,,,26,1846,3,30,18,5,0,0,0
14283,0,,,,,26,649,16,16,13,3,0,0,0
16169,0,,,,,0,0,0,0,0,0,0,0,0
52951,0,,,,,0,0,0,0,0,0,0,0,0
49269,0,,,,,0,0,0,0,0,0,0,0,0
11575,0,,,,,0,0,0,0,0,0,0,0,0
10564,0,,,,,1,5,0,1,0,0,0,0,0
128892,0,,,,,0,0,0,0,0,0,0,0,0
143765,0,,,,,0,0,0,0,0,0,0,0,0
15948,0,,,,,0,0,0,0,0,0,0,0,0
129952,0,,,,,1,6,0,0,0,0,0,0,0
75096,0,,,,,0,0,0,0,0,0,0,0,0
137822,0,,,,,0,0,0,0,0,0,0,0,0
23702,0,,,,,31,2201,23,23,12,5,0,0,0
8589,0,,,,,33,2118,30,31,65,0,0,0,0
107835,0,,,,,0,0,0,0,0,0,0,0,0
51498,0,,,,,0,0,0,0,0,0,0,0,0
123585,0,,,,,32,2422,1,31,31,3,0,0,0
67214,0,,,,,0,0,0,0,0,0,0,0,0
98300,0,,,,,31,2590,58,61,30,3,0,0,0
71618,0,,,,,0,0,0,0,0,0,0,0,0
20337,0,,,,,21,650,10,19,6,2,0,0,0
5272,0,,,,,0,0,0,0,0,0,0,0,0
122934,0,,,,,32,2013,33,31,17,4,0,0,0
21912,0,,,,,13,960,0,17,9,0,0,0,0
13554,0,,,,,0,0,0,0,0,0,0,0,0
124052,0,,,,,8,168,2,4,3,0,0,0,0
64521,0,,,,,0,0,0,0,0,0,0,0,0
112590,0,,,,,0,0,0,0,0,0,0,0,0
8245,0,,,,,15,270,6,4,0,1,0,0,0
136505,0,,,,,10,162,3,4,6,0,0,0,0
66538,0,,,,,18,564,18,16,15,0,0,0,0
21737,0,,,,,34,2769,55,41,27,23,0,0,0
15332,0,,,,,0,0,0,0,0,0,0,0,0
94669,0,,,,,0,0,0,0,0,0,0,0,0
4717,0,,,,,38,2994,40,45,19,9,0,0,0
9662,0,,,,,35,2379,37,31,11,8,0,0,0
32715,0,,,,,32,1170,22,31,15,0,0,0,0
120676,0,,,,,0,0,0,0,0,0,0,0,0
14571,0,,,,,19,1064,9,14,8,1,0,0,0
23194,0,,,,,32,2266,10,38,24,1,0,0,0
7887,0,,,,,0,0,0,0,0,0,0,0,0
24807,0,,,,,1,11,0,0,0,0,1,0,0
111987,0,,,,,16,105,5,2,2,1,0,0,0
127824,0,,,,,0,0,0,0,0,0,0,0,0
49726,0,,,,,24,852,7,17,7,0,0,0,0
11071,0,,,,,38,2505,45,37,39,12,0,0,0
5051,0,,,,,0,0,0,0,0,0,0,0,0
50856,0,,,,,12,364,4,4,6,1,0,0,0
133679,0,,,,,36,2987,51,58,70,3,0,0,0
19858,0,,,,,0,0,0,0,0,0,0,0,0
72371,0,,,,,27,1953,38,27,26,10,0,0,0
14428,0,,,,,0,0,0,0,0,0,0,0,0
51620,0,,,,,0,0,0,0,0,0,0,0,0
124181,0,,,,,0,0,0,0,0,0,0,0,0
20607,0,,,,,29,2404,53,32,58,4,0,0,0
15212,0,,,,,23,1348,17,36,27,1,0,0,0
4331,0,,,,,7,630,0,17,0,0,23,2,0
23815,0,,,,,33,1710,36,27,18,3,0,0,0
4135,0,,,,,0,0,0,0,0,0,0,0,0
20277,0,,,,,0,0,0,0,0,0,0,0,0
5682,0,,,,,15,702,9,7,15,0,0,0,0
15715,0,,,,,29,2609,0,48,4,0,71,7,2/7
147885,0,,,,,0,0,0,0,0,0,0,0,0
114485,0,,,,,0,0,0,0,0,0,0,0,0
133025,0,,,,,31,840,12,16,24,3,0,0,0
150263,0,,,,,0,0,0,0,0,0,0,0,0
109722,0,,,,,0,0,0,0,0,0,0,0,0
67776,0,,,,,30,2422,24,21,31,1,0,0,0
13515,0,,,,,36,2920,15,68,29,2,0,0,0
75989,0,,,,,6,540,0,9,1,0,20,1,0
127728,0,,,,,0,0,0,0,0,0,0,0,0
110234,0,,,,,0,0,0,0,0,0,0,0,0
108319,0,,,,,0,0,0,0,0,0,0,0,0
127722,0,,,,,0,0,0,0,0,0,0,0,0
49759,0,,,,,34,1553,20,26,28,0,0,0,0
25067,0,,,,,26,1725,17,22,30,1,0,0,0
132716,0,,,,,0,0,0,0,0,0,0,0,0
140223,0,,,,,0,0,0,0,0,0,0,0,0
109721,0,,,,,0,0,0,0,0,0,0,0,0
19600,0,,,,,0,0,0,0,0,0,0,0,0
112652,0,,,,,0,0,0,0,0,0,0,0,0
123557,0,,,,,0,0,0,0,0,0,0,0,0
92709,0,,,,,0,0,0,0,0,0,0,0,0
136974,0,,,,,2,12,0,1,0,0,0,0,0
133460,0,,,,,12,528,3,5,8,0,0,0,0
4333,0,,,,,14,1046,2,20,9,3,0,0,0
11189,0,,,,,0,0,0,0,0,0,0,0,0
50727,0,,,,,6,388,2,8,5,1,0,0,0
14723,0,,,,,10,900,0,12,0,0,27,1,1/1
21585,0,,,,,10,301,2,6,5,0,0,0,0
116665,0,,,,,38,3342,22,45,30,2,0,0,0
117753,0,,,,,0,0,0,0,0,0,0,0,0
11373,0,,,,,31,2790,0,39,2,0,97,4,0
53074,0,,,,,0,0,0,0,0,0,0,0,0
107818,0,,,,,0,0,0,0,0,0,0,0,0
137371,0,,,,,6,504,1,6,3,0,0,0,0
50468,0,,,,,0,0,0,0,0,0,0,0,0
126962,0,,,,,3,28,1,0,1,0,0,0,0
13522,0,,,,,38,3349,4,62,23,0,0,0,0
128022,0,,,,,0,0,0,0,0,0,0,0,0
128976,0,,,,,8,127,6,0,3,0,0,0,0
123998,0,,,,,6,540,0,11,0,0,24,0,0
109478,0,,,,,17,1117,2,15,10,1,0,0,0
21519,0,,,,,34,2356,27,29,47,12,0,0,0
122944,0,,,,,0,0,0,0,0,0,0,0,0
92627,0,,,,,0,0,0,0,0,0,0,0,0
8982,0,,,,,0,0,0,0,0,0,0,0,0
144265,0,,,,,10,36,3,2,3,0,0,0,0
114361,0,,,,,0,0,0,0,0,0,0,0,0
150847,0,,,,,0,0,0,0,0,0,0,0,0
23593,0,,,,,31,2565,2,28,27,1,0,0,0
127797,0,,,,,0,0,0,0,0,0,0,0,0
12359,0,,,,,0,0,0,0,0,0,0,0,0
13274,0,,,,,34,2937,10,45,9,2,0,0,0
51314,0,,,,,0,0,0,0,0,0,0,0,0
5861,0,,,,,0,0,0,0,0,0,0,0,0
129671,0,,,,,0,0,0,0,0,0,0,0,0
122119,0,,,,,0,0,0,0,0,0,0,0,0
35733,0,,,,,0,0,0,0,0,0,0,0,0
12520,0,,,,,31,2202,29,28,24,6,0,0,0
127828,0,,,,,2,11,2,1,0,0,0,0,0
66494,0,,,,,12,334,2,2,5,0,0,0,0
123722,0,,,,,30,2489,13,62,19,0,0,0,0
137832,0,,,,,0,0,0,0,0,0,0,0,0
51364,0,,,,,32,2601,93,46,39,5,0,0,0
140380,0,,,,,0,0,0,0,0,0,0,0,0
49316,0,,,,,32,2391,74,41,48,7,0,0,0
125185,0,,,,,0,0,0,0,0,0,0,0,0
76104,0,,,,,35,3118,6,45,34,1,0,0,0
114362,0,,,,,0,0,0,0,0,0,0,0,0
8935,0,,,,,0,0,0,0,0,0,0,0,0
49482,0,,,,,0,0,0,0,0,0,0,0,0
4618,0,,,,,14,356,6,8,8,0,0,0,0
23704,0,,,,,15,860,5,21,15,2,0,0,0
119462,0,,,,,3,10,0,0,2,0,0,0,0
11044,0,,,,,0,0,0,0,0,0,0,0,0
107842,0,,,,,0,0,0,0,0,0,0,0,0
9257,0,,,,,0,0,0,0,0,0,0,0,0
123421,0,,,,,0,0,0,0,0,0,0,0,0
99282,0,,,,,16,801,7,11,16,0,0,0,0
66222,0,,,,,0,0,0,0,0,0,0,0,0
5583,0,,,,,17,1363,11,39,17,1,0,0,0
21647,0,,,,,0,0,0,0,0,0,0,0,0
4985,0,,,,,38,3420,0,54,0,0,110,4,1/4
51777,0,,,,,0,0,0,0,0,0,0,0,0
37776,0,,,,,33,2277,18,36,35,0,0,0,0
99281,0,,,,,28,1891,19,27,12,1,0,0,0
24369,0,,,,,38,3101,20,49,18,1,0,0,0
114564,0,,,,,23,1370,9,16,11,1,0,0,0
5066,0,,,,,16,697,1,9,8,0,0,0,0
15862,0,,,,,0,0,0,0,0,0,0,0,0
118112,0,,,,,25,1240,24,14,15,0,0,0,0
49495,0,,,,,37,2842,39,40,6,0,0,0,0
4664,0,,,,,0,0,0,0,0,0,0,0,0
8006,0,,,,,0,0,0,0,0,0,0,0,0
19851,0,,,,,0,0,0,0,0,0,0,0,0
14897,0,,,,,25,786,7,11,9,0,0,0,0
55776,0,,,,,33,2384,51,50,53,4,0,0,0
4290,0,,,,,0,0,0,0,0,0,0,0,0
146354,0,,,,,12,139,3,5,0,0,0,0,0
9462,0,,,,,3,270,0,7,0,0,13,0,0
16044,0,,,,,30,2356,8,37,66,0,0,0,0
49961,0,,,,,0,0,0,0,0,0,0,0,0
4432,0,,,,,11,197,3,6,1,0,0,0,0
72455,0,,,,,0,0,0,0,0,0,0,0,0
51223,0,,,,,29,1128,25,16,11,1,0,0,0
63633,0,,,,,35,2607,22,24,62,5,0,0,0
43859,0,,,,,0,0,0,0,0,0,0,0,0
67407,0,,,,,32,2046,25,28,22,7,0,0,0
8456,0,,,,,31,1816,25,32,32,9,0,0,0
9566,0,,,,,27,1757,2,27,18,1,0,0,0
23946,0,,,,,8,112,0,1,2,0,0,0,0
12128,0,,,,,0,0,0,0,0,0,0,0,0
108936,0,,,,,25,1656,36,27,27,0,0,0,0
23581,0,,,,,3,99,2,1,3,0,0,0,0
14456,0,,,,,14,298,7,6,1,3,0,0,0
116496,0,,,,,0,0,0,0,0,0,0,0,0
145492,0,,,,,1,1,0,0,0,0,0,0,0
49738,0,,,,,19,1255,12,10,24,1,0,0,0
14252,0,,,,,24,1468,5,35,19,0,0,0,0
4918,0,,,,,0,0,0,0,0,0,0,0,0
130150,0,,,,,0,0,0,0,0,0,0,0,0
127416,0,,,,,0,0,0,0,0,0,0,0,0
32925,0,,,,,0,0,0,0,0,0,0,0,0
32388,0,,,,,0,0,0,0,0,0,0,0,0
125826,0,,,,,0,0,0,0,0,0,0,0,0
8171,0,,,,,8,162,1,3,2,0,0,0,0
51692,0,,,,,0,0,0,0,0,0,0,0,0
122149,0,,,,,0,0,0,0,0,0,0,0,0
124846,0,,,,,0,0,0,0,0,0,0,0,0
11272,0,,,,,0,0,0,0,0,0,0,0,0
4245,0,,,,,37,3195,0,45,2,0,100,2,1/2
51556,0,,,,,0,0,0,0,0,0,0,0,0
20874,0,,,,,37,2654,45,37,27,14,0,0,0
119072,0,,,,,36,2919,36,66,46,2,0,0,0
112655,0,,,,,0,0,0,0,0,0,0,0,0
51202,0,,,,,33,2600,55,54,42,15,0,0,0
133681,0,,,,,4,52,0,0,0,1,0,0,0
69020,0,,,,,0,0,0,0,0,0,0,0,0
76204,0,,,,,26,1673,13,19,30,1,0,0,0
5375,0,,,,,0,0,0,0,0,0,0,0,0
10827,0,,,,,0,0,0,0,0,0,0,0,0
109777,0,,,,,0,0,0,0,0,0,0,0,0
16256,0,,,,,0,0,0,0,0,0,0,0,0
75097,0,,,,,0,0,0,0,0,0,0,0,0
32638,0,,,,,33,2037,0,38,17,0,0,0,0
14458,0,,,,,30,1613,35,38,18,4,0,0,0
131312,0,,,,,0,0,0,0,0,0,0,0,0
144040,0,,,,,0,0,0,0,0,0,0,0,0
4706,0,,,,,0,0,0,0,0,0,0,0,0
33245,0,,,,,37,2848,17,43,38,0,0,0,0
50849,0,,,,,0,0,0,0,0,0,0,0,0
64460,0,,,,,0,0,0,0,0,0,0,0,0
66360,0,,,,,38,3415,47,55,25,20,0,0,0
49270,0,,,,,15,342,1,6,6,3,0,0,0
51553,0,,,,,18,852,16,16,18,1,0,0,0
109138,0,,,,,0,0,0,0,0,0,0,0,0
4573,0,,,,,5,450,0,13,0,0,24,2,0
117150,0,,,,,0,0,0,0,0,0,0,0,0
112080,0,,,,,0,0,0,0,0,0,0,0,0
20961,0,,,,,0,0,0,0,0,0,0,0,0
144899,0,,,,,0,0,0,0,0,0,0,0,0
51423,0,,,,,34,2230,29,34,43,1,0,0,0
134463,0,,,,,0,0,0,0,0,0,0,0,0
24797,0,,,,,21,1371,33,24,6,4,0,0,0
63842,0,,,,,0,0,0,0,0,0,0,0,0
14824,0,,,,,2,17,1,1,0,0,0,0,0
3909,0,,,,,7,181,0,4,5,0,0,0,0
122142,0,,,,,1,4,0,0,0,0,0,0,0
68593,0,,,,,0,0,0,0,0,0,0,0,0
14063,0,,,,,0,0,0,0,0,0,0,0,0
27090,0,,,,,0,0,0,0,0,0,0,0,0
68592,0,,,,,0,0,0,0,0,0,0,0,0
19778,0,,,,,28,1581,27,17,41,7,0,0,0
109707,0,,,,,0,0,0,0,0,0,0,0,0
145114,0,,,,,0,0,0,0,0,0,0,0,0
112261,0,,,,,0,0,0,0,0,0,0,0,0
128136,0,,,,,0,0,0,0,0,0,0,0,0
122945,0,,,,,1,1,0,0,0,0,0,0,0
51736,0,,,,,0,0,0,0,0,0,0,0,0
2100,0,,,,,4,173,0,1,3,0,0,0,0
117647,0,,,,,14,304,1,4,3,1,0,0,0
16035,0,,,,,37,3330,2,45,20,5,0,0,0
8900,0,,,,,14,1121,1,11,4,0,0,0,0
136175,0,,,,,32,1841,28,33,21,6,0,0,0
24334,0,,,,,37,3102,30,46,23,0,0,0,0
117732,0,,,,,36,2608,23,40,40,10,0,0,0
5879,0,,,,,0,0,0,0,0,0,0,0,0
5239,0,,,,,0,0,0,0,0,0,0,0,0
108751,0,,,,,4,9,0,0,0,0,0,0,0
49480,0,,,,,0,0,0,0,0,0,0,0,0
5178,0,,,,,38,3377,67,40,25,29,0,0,0
145759,0,,,,,7,105,2,3,0,0,0,0,0
40153,0,,,,,0,0,0,0,0,0,0,0,0
127754,0,,,,,0,0,0,0,0,0,0,0,0
112745,0,,,,,0,0,0,0,0,0,0,0,0
120175,0,,,,,0,0,0,0,0,0,0,0,0
92706,0,,,,,0,0,0,0,0,0,0,0,0
118952,0,,,,,0,0,0,0,0,0,0,0,0
67510,0,,,,,26,893,3,14,11,0,0,0,0
132068,0,,,,,0,0,0,0,0,0,0,0,0
129831,0,,,,,0,0,0,0,0,0,0,0,0
37221,0,,,,,15,959,6,16,12,0,0,0,0
51574,0,,,,,0,0,0,0,0,0,0,0,0
115114,0,,,,,5,442,1,12,6,0,0,0,0
23824,0,,,,,0,0,0,0,0,0,0,0,0
109134,0,,,,,0,0,0,0,0,0,0,0,0
14580,0,,,,,17,621,9,11,16,1,0,0,0
70143,0,,,,,1,27,1,0,0,0,0,0,0
53991,0,,,,,7,145,7,2,2,0,0,0,0
76310,0,,,,,14,1079,12,11,19,2,0,0,0
128139,0,,,,,0,0,0,0,0,0,0,0,0
76353,0,,,,,37,3233,20,46,56,4,0,0,0
111116,0,,,,,0,0,0,0,0,0,0,0,0
134586,0,,,,,0,0,0,0,0,0,0,0,0
19911,0,,,,,18,1620,1,33,0,0,69,3,0
139648,0,,,,,36,3191,10,44,27,2,0,0,0
127659,0,,,,,0,0,0,0,0,0,0,0,0
108935,0,,,,,0,0,0,0,0,0,0,0,0
119427,0,,,,,0,0,0,0,0,0,0,0,0
107894,0,,,,,0,0,0,0,0,0,0,0,0
127827,0,,,,,0,0,0,0,0,0,0,0,0
24983,0,,,,,35,3084,11,39,22,1,0,0,0
134820,0,,,,,0,0,0,0,0,0,0,0,0
24373,0,,,,,0,0,0,0,0,0,0,0,0
117452,0,,,,,0,0,0,0,0,0,0,0,0
31936,0,,,,,33,2440,44,24,24,9,0,0,0
66576,0,,,,,0,0,0,0,0,0,0,0,0
20479,0,,,,,28,2336,33,48,39,0,0,0,0
25329,0,,,,,0,0,0,0,0,0,0,0,0
130234,0,,,,,0,0,0,0,0,0,0,0,0
136672,0,,,,,5,121,0,4,0,0,0,0,0
14450,0,,,,,12,488,8,9,7,1,0,0,0
16642,0,,,,,34,2891,21,49,48,0,0,0,0
6593,0,,,,,2,180,0,2,0,0,11,0,0
134796,0,,,,,0,0,0,0,0,0,0,0,0
50862,0,,,,,0,0,0,0,0,0,0,0,0
127721,0,,,,,0,0,0,0,0,0,0,0,0
14451,0,,,,,29,1026,17,17,31,3,0,0,0
16784,0,,,,,27,911,17,16,16,3,0,0,0
51569,0,,,,,0,0,0,0,0,0,0,0,0
70287,0,,,,,30,1118,21,21,27,5,0,0,0
66094,0,,,,,0,0,0,0,0,0,0,0,0
114566,0,,,,,26,889,17,4,9,4,0,0,0
147352,0,,,,,0,0,0,0,0,0,0,0,0
130665,0,,,,,0,0,0,0,0,0,0,0,0
112589,0,,,,,20,1569,5,17,13,2,0,0,0
42331,0,,,,,34,2829,20,45,44,5,0,0,0
144853,0,,,,,0,0,0,0,0,0,0,0,0
112948,0,,,,,9,527,15,3,6,2,0,0,0
15154,0,,,,,35,3123,4,75,21,0,0,0,0
14671,0,,,,,21,937,4,20,16,2,0,0,0
129833,0,,,,,7,160,1,5,3,0,0,0,0
119535,0,,,,,0,0,0,0,0,0,0,0,0
118579,0,,,,,16,849,17,20,2,1,0,0,0
33342,0,,,,,0,0,0,0,0,0,0,0,0
33128,0,,,,,5,240,2,3,2,0,0,0,0
5514,0,,,,,0,0,0,0,0,0,0,0,0
107819,0,,,,,0,0,0,0,0,0,0,0,0
117615,0,,,,,0,0,0,0,0,0,0,0,0
135120,0,,,,,0,0,0,0,0,0,0,0,0
66011,0,,,,,19,1122,2,26,16,1,0,0,0
23650,0,,,,,0,0,0,0,0,0,0,0,0
72453,0,,,,,0,0,0,0,0,0,0,0,0
112918,0,,,,,0,0,0,0,0,0,0,0,0
11224,0,,,,,4,225,0,6,0,0,8,1,0
127846,0,,,,,0,0,0,0,0,0,0,0,0
76216,0,,,,,16,1182,19,12,15,7,0,0,0
53085,0,,,,,0,0,0,0,0,0,0,0,0
108096,0,,,,,26,1624,9,23,32,3,0,0,0
15713,0,,,,,25,1044,36,26,28,4,0,0,0
51510,0,,,,,0,0,0,0,0,0,0,0,0
108612,0,,,,,2,23,1,0,2,0,0,0,0
109713,0,,,,,2,47,0,1,0,0,0,0,0
10465,0,,,,,0,0,0,0,0,0,0,0,0
136398,0,,,,,0,0,0,0,0,0,0,0,0
47133,0,,,,,13,1099,0,18,1,0,33,2,0
115450,0,,,,,0,0,0,0,0,0,0,0,0
114590,0,,,,,14,124,6,3,4,1,0,0,0
133890,0,,,,,32,2006,32,23,16,7,0,0,0
92734,0,,,,,0,0,0,0,0,0,0,0,0
117557,0,,,,,0,0,0,0,0,0,0,0,0
112654,0,,,,,0,0,0,0,0,0,0,0,0
112701,0,,,,,0,0,0,0,0,0,0,0,0
134334,0,,,,,0,0,0,0,0,0,0,0,0
49293,0,,,,,37,3195,37,41,15,15,0,0,0
22553,0,,,,,0,0,0,0,0,0,0,0,0
21885,0,,,,,0,0,0,0,0,0,0,0,0
117625,0,,,,,0,0,0,0,0,0,0,0,0
146353,0,,,,,0,0,0,0,0,0,0,0,0
4936,0,,,,,35,2799,17,30,45,4,0,0,0
114058,0,,,,,0,0,0,0,0,0,0,0,0
49494,0,,,,,0,0,0,0,0,0,0,0,0
147032,0,,,,,3,70,0,2,1,0,0,0,0
21998,0,,,,,35,2268,30,25,21,4,0,0,0
108972,0,,,,,0,0,0,0,0,0,0,0,0
121704,0,,,,,0,0,0,0,0,0,0,0,0
50252,0,,,,,0,0,0,0,0,0,0,0,0
122772,0,,,,,0,0,0,0,0,0,0,0,0
134403,0,,,,,0,0,0,0,0,0,0,0,0
12901,0,,,,,0,0,0,0,0,0,0,0,0
115446,0,,,,,0,0,0,0,0,0,0,0,0
4525,0,,,,,0,0,0,0,0,0,0,0,0
92610,0,,,,,0,0,0,0,0,0,0,0,0
122270,0,,,,,0,0,0,0,0,0,0,0,0
64519,0,,,,,21,800,13,22,20,2,0,0,0
4640,0,,,,,38,3420,0,44,0,0,122,2,2/2
22043,0,,,,,22,1913,4,35,8,2,0,0,0
64265,0,,,,,0,0,0,0,0,0,0,0,0
147183,0,,,,,0,0,0,0,0,0,0,0,0
49476,0,,,,,0,0,0,0,0,0,0,0,0
108956,0,,,,,1,1,0,0,0,0,0,0,0
112705,0,,,,,0,0,0,0,0,0,0,0,0
10079,0,,,,,28,2520,1,35,2,0,88,2,1/2
32229,0,,,,,33,2608,18,47,25,2,0,0,0
135769,0,,,,,0,0,0,0,0,0,0,0,0
66560,0,,,,,0,0,0,0,0,0,0,0,0
5860,0,,,,,0,0,0,0,0,0,0,0,0
130670,0,,,,,0,0,0,0,0,0,0,0,0
63838,0,,,,,0,0,0,0,0,0,0,0,0
20430,0,,,,,0,0,0,0,0,0,0,0,0
51557,0,,,,,13,488,2,12,9,0,0,0,0
66518,0,,,,,0,0,0,0,0,0,0,0,0
125829,0,,,,,0,0,0,0,0,0,0,0,0
13703,0,,,,,30,2700,0,66,1,0,125,7,2/7
2216,0,,,,,0,0,0,0,0,0,0,0,0
132169,0,,,,,0,0,0,0,0,0,0,0,0
13565,0,,,,,25,1426,7,15,9,6,0,0,0
7975,0,,,,,38,3420,0,34,1,0,86,3,0
111021,0,,,,,0,0,0,0,0,0,0,0,0
4276,0,,,,,0,0,0,0,0,0,0,0,0
4818,0,,,,,12,92,2,3,6,0,0,0,0
133124,0,,,,,1,1,0,0,0,0,0,0,0
117590,0,,,,,0,0,0,0,0,0,0,0,0
39606,0,,,,,4,195,1,3,2,0,0,0,0
76427,0,,,,,0,0,0,0,0,0,0,0,0
128969,0,,,,,0,0,0,0,0,0,0,0,0
119078,0,,,,,7,177,0,2,6,0,0,0,0
66630,0,,,,,0,0,0,0,0,0,0,0,0
110549,0,,,,,1,90,0,2,1,0,0,0,0
5343,0,,,,,10,385,1,8,6,0,0,0,0
19888,0,,,,,29,1628,23,26,13,1,0,0,0
15202,0,,,,,35,2833,32,28,21,4,0,0,0
144500,0,,,,,0,0,0,0,0,0,0,0,0
4878,0,,,,,0,0,0,0,0,0,0,0,0
24630,0,,,,,15,500,8,9,7,4,0,0,0
3934,0,,,,,0,0,0,0,0,0,0,0,0
10458,0,,,,,33,2492,13,31,11,0,0,0,0
51603,0,,,,,0,0,0,0,0,0,0,0,0
114131,0,,,,,0,0,0,0,0,0,0,0,0
10727,0,,,,,0,0,0,0,0,0,0,0,0
112449,0,,,,,0,0,0,0,0,0,0,0,0
13796,0,,,,,0,0,0,0,0,0,0,0,0
16286,0,,,,,3,73,0,1,1,0,0,0,0
108947,0,,,,,25,797,9,20,4,2,0,0,0
117763,0,,,,,31,951,24,17,11,8,0,0,0
119082,0,,,,,0,0,0,0,0,0,0,0,0
40159,0,,,,,23,1155,7,19,18,0,0,0,0
21297,0,,,,,19,1096,6,20,6,0,0,0,0
23968,0,,,,,37,3129,74,40,50,8,0,0,0
119533,0,,,,,0,0,0,0,0,0,0,0,0
147359,0,,,,,0,0,0,0,0,0,0,0,0
66635,0,,,,,18,1420,5,22,14,1,0,0,0
119607,0,,,,,0,0,0,0,0,0,0,0,0
10580,0,,,,,0,0,0,0,0,0,0,0,0
16431,0,,,,,27,2269,1,21,12,0,0,0,0
124179,0,,,,,0,0,0,0,0,0,0,0,0
2896,0,,,,,0,0,0,0,0,0,0,0,0
49716,0,,,,,0,0,0,0,0,0,0,0,0
55556,0,,,,,0,0,0,0,0,0,0,0,0
51830,0,,,,,28,1666,37,29,34,5,0,0,0
118436,0,,,,,0,0,0,0,0,0,0,0,0
108926,0,,,,,0,0,0,0,0,0,0,0,0
49481,0,,,,,25,1735,40,21,15,6,0,0,0
66204,0,,,,,35,3041,8,27,28,2,0,0,0
8388,0,,,,,33,2753,13,67,48,1,0,0,0
120306,0,,,,,0,0,0,0,0,0,0,0,0
48290,0,,,,,0,0,0,0,0,0,0,0,0
117600,0,,,,,0,0,0,0,0,0,0,0,0
14538,0,,,,,32,2880,0,34,2,0,95,5,1/5
14801,0,,,,,31,1764,21,24,6,3,0,0,0
108816,0,,,,,13,590,4,6,15,0,0,0,0
68588,0,,,,,0,0,0,0,0,0,0,0,0
132727,0,,,,,0,0,0,0,0,0,0,0,0
19814,0,,,,,23,805,14,17,16,3,0,0,0
20499,0,,,,,0,0,0,0,0,0,0,0,0
68857,0,,,,,1,8,0,0,0,0,0,0,0
126943,0,,,,,29,1770,38,25,17,1,0,0,0
114295,0,,,,,0,0,0,0,0,0,0,0,0
117579,0,,,,,15,663,3,9,5,0,0,0,0
66570,0,,,,,3,31,1,1,0,0,0,0,0
31861,0,,,,,0,0,0,0,0,0,0,0,0
127594,0,,,,,38,2301,36,34,21,11,0,0,0
67189,0,,,,,0,0,0,0,0,0,0,0,0
5220,0,,,,,34,2937,6,42,35,4,0,0,0
8980,0,,,,,12,95,0,3,1,0,0,0,0
74976,0,,,,,20,751,8,8,17,0,0,0,0
76617,0,,,,,0,0,0,0,0,0,0,0,0
16723,0,,,,,38,3420,0,46,1,0,120,3,0
119036,0,,,,,0,0,0,0,0,0,0,0,0
54989,0,,,,,17,1108,6,17,22,0,0,0,0
25474,0,,,,,37,3209,77,41,73,11,0,0,0
14656,0,,,,,16,580,8,10,20,4,0,0,0
119537,0,,,,,0,0,0,0,0,0,0,0,0
4608,0,,,,,7,348,0,5,3,0,0,0,0
75201,0,,,,,0,0,0,0,0,0,0,0,0
117608,0,,,,,0,0,0,0,0,0,0,0,0
64142,0,,,,,0,0,0,0,0,0,0,0,0
108851,0,,,,,0,0,0,0,0,0,0,0,0
135431,0,,,,,0,0,0,0,0,0,0,0,0
50498,0,,,,,12,230,3,4,4,1,0,0,0
112378,0,,,,,1,1,0,0,0,0,0,0,0
119611,0,,,,,2,95,0,2,0,0,0,0,0
21413,0,,,,,24,1120,7,26,21,0,0,0,0
127736,0,,,,,0,0,0,0,0,0,0,0,0
64328,0,,,,,0,0,0,0,0,0,0,0,0
53075,0,,,,,0,0,0,0,0,0,0,0,0
14997,0,,,,,18,682,6,22,11,1,0,0,0
3512,0,,,,,25,1596,7,18,19,0,0,0,0
10443,0,,,,,27,2206,51,43,36,9,0,0,0
14445,0,,,,,34,2061,18,28,19,6,0,0,0
302305,0,,,,,3,9,0,1,0,0,0,0,0
62934,0,,,,,0,0,0,0,0,0,0,0,0
4999,0,,,,,30,2116,32,35,6,7,0,0,0
50247,0,,,,,31,2170,22,52,24,0,0,0,0
144693,0,,,,,19,281,5,5,6,1,0,0,0
25183,0,,,,,35,2570,15,44,47,9,0,0,0
98315,0,,,,,0,0,0,0,0,0,0,0,0
21809,0,,,,,0,0,0,0,0,0,0,0,0
123961,0,,,,,0,0,0,0,0,0,0,0,0
23764,0,,,,,25,1790,32,39,21,1,0,0,0
66563,0,,,,,1,1,0,0,1,0,0,0,0
119612,0,,,,,0,0,0,0,0,0,0,0,0
3457,0,,,,,2,180,0,1,0,0,3,0,0
54392,0,,,,,0,0,0,0,0,0,0,0,0
69604,0,,,,,0,0,0,0,0,0,0,0,0
4612,0,,,,,19,1394,3,28,13,1,0,0,0
4316,0,,,,,17,496,14,4,12,0,0,0,0
49477,0,,,,,0,0,0,0,0,0,0,0,0
25444,0,,,,,10,900,0,16,0,0,28,0,0
4505,0,,,,,11,545,0,11,2,2,0,0,0
112549,0,,,,,12,385,9,9,7,1,0,0,0
6767,0,,,,,0,0,0,0,0,0,0,0,0
69598,0,,,,,0,0,0,0,0,0,0,0,0
35670,0,,,,,35,2599,34,52,46,14,0,0,0
109099,0,,,,,0,0,0,0,0,0,0,0,0
67238,0,,,,,30,1555,5,46,15,1,0,0,0
123910,0,,,,,26,1406,25,36,22,1,0,0,0
65961,0,,,,,19,780,16,20,9,1,0,0,0
108920,0,,,,,0,0,0,0,0,0,0,0,0
117450,0,,,,,0,0,0,0,0,0,0,0,0
98302,0,,,,,0,0,0,0,0,0,0,0,0
147021,0,,,,,0,0,0,0,0,0,0,0,0
51638,0,,,,,0,0,0,0,0,0,0,0,0
8417,0,,,,,20,1001,17,18,9,4,0,0,0
303421,0,,,,,0,0,0,0,0,0,0,0,0
33231,0,,,,,36,2496,23,29,44,6,0,0,0
15116,0,,,,,0,0,0,0,0,0,0,0,0
112263,0,,,,,0,0,0,0,0,0,0,0,0
4815,0,,,,,2,20,0,0,0,0,0,0,0
8143,0,,,,,33,2924,7,38,35,1,0,0,0
117644,0,,,,,0,0,0,0,0,0,0,0,0
98290,0,,,,,0,0,0,0,0,0,0,0,0
14846,0,,,,,29,1938,47,29,34,3,0,0,0
19723,0,,,,,32,838,6,21,16,1,0,0,0
76614,0,,,,,13,913,15,20,14,2,0,0,0
4880,0,,,,,22,1779,10,26,35,0,0,0,0
5754,0,,,,,0,0,0,0,0,0,0,0,0
98292,0,,,,,0,0,0,0,0,0,0,0,0
114643,0,,,,,0,0,0,0,0,0,0,0,0
5865,0,,,,,36,3032,29,46,41,3,0,0,0
12185,0,,,,,13,252,0,1,1,1,0,0,0
63656,0,,,,,27,1831,11,33,16,0,0,0,0
10933,0,,,,,4,135,0,2,1,0,0,0,0
115169,0,,,,,1,6,0,0,0,0,0,0,0
3517,0,,,,,0,0,0,0,0,0,0,0,0
71623,0,,,,,36,2631,23,34,37,4,0,0,0
9246,0,,,,,0,0,0,0,0,0,0,0,0
21529,0,,,,,24,2020,5,33,8,0,0,0,0
92635,0,,,,,31,2615,15,45,24,0,0,0,0
4864,0,,,,,6,335,2,6,2,0,0,0,0
10394,0,,,,,0,0,0,0,0,0,0,0,0
50453,0,,,,,5,450,0,5,0,0,20,0,0
128264,0,,,,,1,3,0,0,0,0,0,0,0
20486,0,,,,,38,2550,52,26,27,8,0,0,0
3905,0,,,,,25,1308,8,18,16,0,0,0,0
16006,0,,,,,18,833,4,8,9,0,0,0,0
13559,0,,,,,22,1717,1,37,17,0,0,0,0
54760,0,,,,,0,0,0,0,0,0,0,0,0
69611,0,,,,,0,0,0,0,0,0,0,0,0
43940,0,,,,,0,0,0,0,0,0,0,0,0
49173,0,,,,,0,0,0,0,0,0,0,0,0
139930,0,,,,,0,0,0,0,0,0,0,0,0
126824,0,,,,,25,1931,19,35,29,0,0,0,0
74960,0,,,,,26,1664,13,39,31,1,0,0,0
118031,0,,,,,29,1789,25,33,41,1,0,0,0
134955,0,,,,,0,0,0,0,0,0,0,0,0
16582,0,,,,,17,331,13,3,6,2,0,0,0
114957,0,,,,,0,0,0,0,0,0,0,0,0
144788,0,,,,,2,144,0,2,0,0,3,0,0
67201,0,,,,,0,0,0,0,0,0,0,0,0
11031,0,,,,,0,0,0,0,0,0,0,0,0
75582,0,,,,,13,1018,5,17,10,0,0,0,0
65987,0,,,,,31,2588,7,49,23,0,0,0,0
5140,0,,,,,37,3330,5,38,17,3,0,0,0
76090,0,,,,,34,2959,7,47,25,1,0,0,0
5782,0,,,,,0,0,0,0,0,0,0,0,0
8979,0,,,,,35,2839,14,68,25,9,0,0,0
138107,0,,,,,0,0,0,0,0,0,0,0,0
4874,0,,,,,21,1699,7,24,27,0,0,0,0
75709,0,,,,,36,3240,0,58,0,0,91,9,0
20109,0,,,,,18,1395,0,35,12,0,0,0,0
71923,0,,,,,24,2160,0,37,0,0,68,1,0
107831,0,,,,,0,0,0,0,0,0,0,0,0
302583,0,,,,,1,1,0,0,0,0,0,0,0
20547,0,,,,,0,0,0,0,0,0,0,0,0
3955,0,,,,,15,967,2,21,6,0,0,0,0
13815,0,,,,,33,2922,39,77,28,0,0,0,0
134792,0,,,,,0,0,0,0,0,0,0,0,0
114130,0,,,,,0,0,0,0,0,0,0,0,0
8159,0,,,,,7,630,0,19,0,0,20,2,0
51545,0,,,,,0,0,0,0,0,0,0,0,0
14164,0,,,,,36,3154,22,59,25,2,0,0,0
3929,0,,,,,2,72,0,2,4,0,0,0,0
4617,0,,,,,24,1440,9,18,17,1,0,0,0
51518,0,,,,,0,0,0,0,0,0,0,0,0
8658,0,,,,,38,2610,50,40,29,16,0,0,0
9426,0,,,,,14,888,1,11,7,0,0,0,0
31046,0,,,,,0,0,0,0,0,0,0,0,0
3452,0,,,,,30,2122,28,37,11,10,0,0,0
301829,0,,,,,10,480,4,10,6,0,0,0,0
66578,0,,,,,0,0,0,0,0,0,0,0,0
107826,0,,,,,0,0,0,0,0,0,0,0,0
23599,0,,,,,18,508,6,12,3,0,0,0,0
69595,0,,,,,20,1326,13,21,12,0,0,0,0
124366,0,,,,,0,0,0,0,0,0,0,0,0
14548,0,,,,,17,1198,6,13,10,0,0,0,0
15111,0,,,,,0,0,0,0,0,0,0,0,0
117449,0,,,,,0,0,0,0,0,0,0,0,0
125733,0,,,,,0,0,0,0,0,0,0,0,0
107822,0,,,,,0,0,0,0,0,0,0,0,0
72239,0,,,,,25,1008,9,22,23,1,0,0,0
70133,0,,,,,0,0,0,0,0,0,0,0,0
134791,0,,,,,0,0,0,0,0,0,0,0,0
4748,0,,,,,10,253,1,3,1,0,0,0,0
14446,0,,,,,32,1074,23,16,23,0,0,0,0
118444,0,,,,,0,0,0,0,0,0,0,0,0
112741,0,,,,,0,0,0,0,0,0,0,0,0
48690,0,,,,,0,0,0,0,0,0,0,0,0
23659,0,,,,,0,0,0,0,0,0,0,0,0
133123,0,,,,,4,22,0,0,0,0,0,0,0
7488,0,,,,,22,1540,8,34,9,0,0,0,0
117497,0,,,,,35,2927,35,45,34,19,0,0,0
3756,0,,,,,36,2976,28,37,25,20,0,0,0
112746,0,,,,,0,0,0,0,0,0,0,0,0
14203,0,,,,,15,1186,0,28,5,0,0,0,0
69397,0,,,,,0,0,0,0,0,0,0,0,0
13622,0,,,,,0,0,0,0,0,0,0,0,0
147052,0,,,,,0,0,0,0,0,0,0,0,0
147508,0,,,,,0,0,0,0,0,0,0,0,0
78211,0,,,,,0,0,0,0,0,0,0,0,0
128891,0,,,,,31,1442,21,25,19,0,0,0,0
14238,0,,,,,35,1904,18,27,53,2,0,0,0
128890,0,,,,,0,0,0,0,0,0,0,0,0
118591,0,,,,,21,1162,4,24,9,0,0,0,0
119034,0,,,,,4,42,1,0,1,0,0,0,0
67546,0,,,,,36,3113,3,41,20,0,0,0,0
114470,0,,,,,0,0,0,0,0,0,0,0,0
22795,0,,,,,0,0,0,0,0,0,0,0,0
50230,0,,,,,0,0,0,0,0,0,0,0,0
7103,0,,,,,0,0,0,0,0,0,0,0,0
19620,0,,,,,15,522,4,1,8,0,0,0,0
50848,0,,,,,32,1392,30,24,9,3,0,0,0
20750,0,,,,,0,0,0,0,0,0,0,0,0
5175,0,,,,,0,0,0,0,0,0,0,0,0
107891,0,,,,,0,0,0,0,0,0,0,0,0
11419,0,,,,,30,2328,40,21,12,3,0,0,0
